Name,Porb, Porb_sig_p, Porb_sig_m, a1sini/c, a1sini/c_sig_p, a1sini/c_sig_m, e, e_sig_p, e_sig_m, phip, phip_sig_p, phip_sig_m, varpi, varpi_sig_p, varpi_sig_m, f(M)Msun, f(M)Msun_sig_p, f(M)Msun_sig_m, gradient, grad_sig_p, grad_sig_m, t_p, t_p_sig_p, t_p_sig_m, K1_ms, K1_ms_sig_p, K1_ms_sig_m, median_segment_size
kic10001145,112.948792,0.420165,0.419299,45.447218,4.118048,3.978406,0.164148,0.146574,0.102863,0.363691,0.231625,0.205944,5.35956,1.296857,1.338965,0.0079003,0.0021484,0.0020756,0.008216,0.006582,0.006751,55010.587059,26.165131,23.264913,8654.1,652.5,488.0
kic10029999,185.953317,0.488719,0.488481,106.516167,4.630871,4.432481,0.271299,0.083314,0.080636,0.541537,0.048694,0.040601,3.974033,0.301639,0.237149,0.0375251,0.0048983,0.0046888,-0.031283,0.007212,0.006862,55059.092241,9.067984,7.565684,12020.8,497.2,440.1
kic10031634,481.446138,3.338172,3.503792,134.001506,70.611908,32.626121,0.890357,0.070866,0.117998,0.519567,0.017093,0.015537,0.456707,0.195034,0.151388,0.0111459,0.0176207,0.0081428,0.007093,0.00762,0.007758,55208.535136,8.912097,8.225384,2762.8,972.5,1465.0
kic10056297,619.918857,1.513673,1.57014,163.157716,1.76933,1.82208,0.03258,0.020754,0.017812,0.755303,0.057573,0.040322,5.325817,0.355194,0.246949,0.0121349,0.0003995,0.0004108,0.041963,0.002688,0.00292,55426.619182,35.72388,25.043879,5735.4,43.4,40.2
kic10056931,927.7669,3.323263,3.490806,272.680496,2.299802,2.223089,0.136875,0.019457,0.019556,0.794647,0.018439,0.020037,4.469466,0.117999,0.124839,0.0252911,0.0006676,0.0006446,0.024292,0.004295,0.004404,55745.008564,17.443066,18.8993,6347.9,46.3,46.0
kic10154094,893.118848,5.309814,5.512282,254.761068,4.865395,4.864657,0.14168,0.037779,0.037695,0.613529,0.03071,0.036674,4.018581,0.177823,0.22557,0.0222568,0.0013044,0.0013022,-0.029592,0.007136,0.007052,55506.346074,27.956342,33.198189,6156.7,99.2,92.7
kic10206643,413.033908,2.615414,2.442863,63.91835,3.646219,3.307162,0.387724,0.096054,0.097884,0.50065,0.039168,0.032977,2.458192,0.198753,0.17464,0.0016436,0.0002819,0.000256,-0.004507,0.004359,0.004432,55165.177486,16.374215,13.85344,3110.2,187.7,173.7
kic10224920,1050.192819,13.91243,13.997322,255.277303,13.602102,9.826004,0.813846,0.050281,0.044996,0.795694,0.012723,0.011622,5.133629,0.056039,0.075766,0.016195,0.0026245,0.0019187,-0.042733,0.006173,0.006097,55794.023795,19.320223,18.539388,3079.7,307.9,288.2
kic10273384,2069.77448,224.97202,215.563642,354.501616,84.785737,70.278333,0.042573,0.053245,0.029006,0.357184,0.024716,0.022845,2.932705,0.179123,0.160878,0.0111658,0.0083423,0.0070704,-0.613171,0.145188,0.156718,55697.682368,226.130293,225.285805,3731.0,669.8,539.4
kic10416779,1286.143113,70.797708,33.778371,732.486627,40.965945,26.227504,0.681386,0.027496,0.027411,0.18665,0.005685,0.008279,5.626861,0.041502,0.058719,0.2550958,0.0448488,0.0392377,0.038348,0.110904,0.048751,55198.450362,52.796784,53.361208,9088.7,549.2,528.2
kic10451090,981.388179,7.896368,7.425834,127.327621,1.119873,1.101183,0.183954,0.01655,0.016447,0.306453,0.013564,0.016136,5.978044,0.094391,0.113548,0.0023013,7.0e-05,7.03e-05,0.002627,0.002793,0.002769,55259.141942,15.358705,17.59151,2780.6,26.0,25.1
kic10468883,1589.971686,24.526163,12.401024,663.960638,62.297988,57.33953,0.737501,0.028006,0.028969,0.90434,0.006385,0.00883,6.075711,0.020784,0.010083,0.1243171,0.0350469,0.0324356,-0.785848,0.046913,0.052181,56445.636135,21.070519,23.195052,6149.0,507.6,490.2
kic10532771,584.908374,1.073451,1.142572,165.719864,1.334616,1.346435,0.00779,0.008867,0.005166,0.974002,0.036166,0.047715,5.274724,0.231733,0.292972,0.0142834,0.0003496,0.0003521,0.009319,0.002435,0.002424,55528.093986,21.182795,27.930889,6177.3,32.1,31.3
kic10538299,81.948248,0.029191,0.030171,141.620497,1.994018,2.034297,0.21837,0.027087,0.028329,0.013295,0.0175,0.017521,5.979391,0.109133,0.110409,0.4541316,0.0191854,0.0195727,-0.002768,0.002971,0.002803,54956.119972,1.434401,1.436122,36770.7,450.4,427.9
kic10549422,3307.177478,184.022093,177.771653,882.887886,65.347855,61.343094,0.515834,0.043555,0.05267,0.272641,0.016498,0.017748,3.825463,0.047811,0.059365,0.0675592,0.0166671,0.0159634,-1.399519,0.104896,0.12037,55860.063865,188.94621,190.181161,4986.5,378.3,386.2
kic10679429,679.748143,2.22977,2.274148,420.725564,5.27907,5.140977,0.133852,0.017495,0.01754,0.09619,0.020015,0.022328,3.450309,0.12325,0.136877,0.1730547,0.0066163,0.0064446,-0.008967,0.011756,0.012274,55023.776674,13.790275,15.343575,13373.7,124.8,123.4
kic10717871,175.271252,0.370623,0.368837,141.258682,4.233209,4.097297,0.261526,0.063858,0.061702,0.400096,0.034699,0.035527,4.522621,0.221303,0.218112,0.098516,0.0088666,0.0085827,-0.001884,0.00753,0.007573,55028.517707,6.092965,6.237829,16960.8,492.6,445.4
kic10727717,955.531671,7.229118,7.150347,147.013589,3.406514,3.2528,0.164272,0.044501,0.041718,0.66092,0.029247,0.033534,3.98831,0.174347,0.209704,0.0037365,0.0002657,0.0002544,0.003952,0.004984,0.00478,55589.922072,28.856463,32.839507,3309.0,65.0,61.2
kic10753246,2096.083691,746.653051,428.3109,286.060987,70.6683,47.698968,0.620518,0.118743,0.10418,0.430645,0.120304,0.127465,4.275772,0.222445,0.249165,0.0057206,0.0048415,0.0049798,-0.338233,0.085286,0.137771,55862.203841,639.314785,645.382666,2333.4,818.4,600.6
kic10802820,1183.812003,59.451618,43.467476,93.655778,6.824111,4.654182,0.246961,0.062717,0.067585,0.246758,0.025502,0.033175,1.003454,0.161505,0.194038,0.0006294,0.0001451,0.0001131,0.04646,0.017739,0.02442,55261.623212,59.661506,64.73369,1671.5,93.0,98.0
kic10855535,411.923943,0.380784,0.3722,143.465388,0.827729,0.850071,0.093263,0.011908,0.011645,0.406063,0.021121,0.02284,5.197626,0.131815,0.142432,0.0186849,0.0003252,0.0003339,-0.005738,0.00145,0.001408,55136.775462,8.708388,9.415873,7560.6,32.7,31.0
kic10862354,469.660114,1.586988,1.602017,270.307141,5.14147,5.237182,0.19258,0.039151,0.038643,0.662673,0.047335,0.036284,4.456964,0.298612,0.224979,0.0961364,0.0055249,0.0056256,-0.069256,0.008575,0.008188,55269.623037,22.288469,17.115582,12313.8,209.6,192.2
kic10936474,152.299068,0.584783,0.597184,119.764128,12.908617,10.059203,0.533147,0.172719,0.161666,0.545795,0.052926,0.04461,1.196401,0.373265,0.299952,0.0795186,0.02572,0.020046,0.006715,0.012424,0.011813,55041.51566,8.082216,6.819716,14505.6,2018.1,1729.0
kic10990452,122.058177,0.102626,0.10455,63.436234,2.970681,2.592042,0.590285,0.045172,0.045258,0.022123,0.010955,0.012325,5.807973,0.071367,0.076187,0.0183976,0.0025848,0.0022554,0.000174,0.00189,0.001904,54961.091903,1.341154,1.507929,9146.9,446.2,451.6
kic11044384,1763.562918,107.506455,191.523769,364.729776,25.596752,44.389718,0.332505,0.016541,0.018975,0.560961,0.104575,0.039556,4.372987,0.33534,0.08713,0.01675,0.0050668,0.0064477,-0.515867,0.109823,0.059727,55947.681628,237.417773,164.988351,4252.7,421.0,350.0
kic11285767,724.106024,1.479672,1.486077,204.701279,1.195492,1.153689,0.280801,0.011678,0.011571,0.504441,0.008532,0.007646,1.061481,0.052265,0.046112,0.0175647,0.0003161,0.0003055,0.013545,0.002305,0.002276,55328.800327,6.353542,5.731659,5915.7,34.6,34.6
kic11294931,1472.213075,26.440504,24.310872,357.760955,3.639545,3.511487,0.178768,0.020272,0.020636,0.621187,0.020179,0.018772,5.379057,0.081065,0.075454,0.022684,0.0010201,0.0010536,-0.00234,0.005884,0.006211,55872.911633,39.07017,37.519265,5213.1,76.5,72.5
kic11295729,1187.816915,23.242361,19.671411,192.506876,4.846391,4.732385,0.308625,0.035769,0.035487,0.898815,0.024815,0.032093,2.059373,0.109269,0.159966,0.005429,0.0004477,0.0004533,0.022063,0.016576,0.014268,56026.01965,36.45838,43.744471,3361.1,92.1,85.8
kic11415556,145.014343,0.298931,0.300687,122.269734,10.030902,8.168951,0.575206,0.071827,0.074505,0.285083,0.015844,0.016024,2.971289,0.098252,0.115161,0.0933292,0.0229732,0.0187102,0.002721,0.006368,0.006328,54999.732724,2.317085,2.342971,15038.0,1176.3,1211.5
kic11495305,855.568736,3.6632,3.252447,237.993626,3.021069,2.942275,0.020686,0.019746,0.013411,0.432677,0.296195,0.189008,1.814601,1.856272,1.17919,0.0197728,0.0007678,0.0007526,0.002188,0.00562,0.004907,55339.693474,253.438771,161.746301,6063.8,52.0,49.9
kic11508397,722.307593,18.02558,18.194191,83.1516,9.5406,8.055413,0.384158,0.16617,0.1613,0.739292,0.072935,0.081658,4.003909,0.438563,0.489696,0.0011832,0.0004116,0.0003489,0.017344,0.012013,0.012335,55497.527345,55.70735,61.699814,2317.4,269.8,235.9
kic11509728,199.086456,0.711193,0.722552,35.374773,1.739118,1.725143,0.079684,0.078636,0.050972,0.043227,0.260104,0.190616,1.946506,1.63577,1.180026,0.0011992,0.0001771,0.0001757,0.004606,0.002832,0.002775,54966.99776,51.788145,37.955834,3861.8,137.2,114.1
kic11569628,684.354534,4.769915,4.407411,183.925304,4.041192,4.196177,0.037333,0.034322,0.023995,0.336797,0.31577,0.236624,5.978355,1.989294,1.4899,0.0142641,0.000958,0.0009963,-0.007616,0.008019,0.008001,55199.996464,216.147344,161.999708,5855.7,94.4,83.6
kic11661993,577.133011,8.543512,7.867976,54.357654,2.77921,2.814091,0.263757,0.0974,0.109073,0.951705,0.070305,0.09969,4.57361,0.459779,0.57403,0.0005177,8.07e-05,8.19e-05,0.014502,0.004966,0.004968,55507.652282,41.396765,58.116609,1980.9,104.8,91.3
kic11754974,343.241764,0.500622,0.497353,131.137792,1.17293,1.182273,0.018982,0.017421,0.011861,0.451625,0.132112,0.276224,0.737616,0.844385,1.757241,0.0205526,0.0005547,0.0005591,-0.009368,0.002241,0.002392,55113.408772,45.349101,94.812926,8328.6,48.6,46.0
kic11771670,559.096032,1.432529,1.418383,134.9947,1.326124,1.412072,0.103242,0.021096,0.020251,0.121572,0.048274,0.034796,5.072711,0.308258,0.219844,0.0084501,0.0002527,0.0002687,0.01595,0.002434,0.002475,55026.362083,27.027418,19.506459,5236.3,42.2,38.2
kic11858293,505.783046,0.634717,0.644842,156.361169,1.084284,1.121706,0.028819,0.013002,0.012909,0.638672,0.029403,0.056356,2.32482,0.182568,0.355776,0.016045,0.0003363,0.0003477,0.001165,0.001792,0.001844,55281.42159,14.885294,28.511088,6737.7,31.7,29.8
kic11874676,1611.803234,61.669233,41.615766,540.9427,19.809784,15.536997,0.775466,0.02037,0.018526,0.377851,0.010765,0.014196,3.878908,0.025425,0.02461,0.0654203,0.0079416,0.007539,-0.145927,0.012018,0.014536,55567.413064,54.479419,56.484468,4620.2,242.2,225.9
kic11905761,225.417864,0.377951,0.384839,167.285505,14.664475,11.539166,0.729472,0.046541,0.046758,0.089301,0.007066,0.007694,3.090544,0.042833,0.042004,0.0989193,0.0260164,0.0204727,0.014389,0.005111,0.005085,54978.522251,1.637829,1.775805,11067.7,939.2,992.7
kic12020590,432.397659,0.707214,0.711943,154.55762,1.990364,1.93413,0.527903,0.017748,0.017667,0.223268,0.006001,0.005849,5.354382,0.034027,0.035782,0.0212025,0.0008221,0.000799,-0.009786,0.003145,0.003023,55054.932231,2.69009,2.62675,6619.0,100.8,99.8
kic12055345,1332.514592,40.966868,41.243302,589.260112,27.563975,27.226742,0.120654,0.037344,0.03348,0.101399,0.020787,0.01741,0.569052,0.114089,0.066285,0.1237257,0.0189769,0.0187618,-0.596562,0.090531,0.08814,55093.507797,49.566738,47.199844,9571.4,374.7,350.9
kic12069252,1498.665475,111.987641,98.978769,186.570983,13.86289,11.374339,0.392316,0.040229,0.04156,0.427077,0.019923,0.023689,5.477264,0.130927,0.154256,0.0031046,0.0008044,0.0007333,0.18765,0.035985,0.032528,55598.437235,109.627558,111.297307,2496.7,180.6,179.7
kic12120077,1638.964961,38.352453,36.086913,349.582849,6.469028,6.092089,0.10506,0.024584,0.024351,0.868483,0.025079,0.02036,4.194703,0.088629,0.083036,0.0170763,0.00121,0.0011982,-0.000569,0.007019,0.007661,56381.804826,55.450978,49.988166,4624.8,91.5,88.3
kic12122075,271.192621,2.093362,2.075915,52.616964,4.091593,4.039324,0.157989,0.130624,0.094966,0.050141,0.116688,0.136088,5.712151,0.732174,0.829401,0.0021267,0.0004972,0.0004909,0.000954,0.006546,0.00662,54971.989439,31.713514,36.96489,4177.2,274.6,209.3
kic12217281,725.720401,12.796792,12.395765,193.827011,13.997544,12.577498,0.243803,0.14671,0.112041,0.453834,0.059609,0.110419,3.584931,0.37182,0.765631,0.0148452,0.003256,0.002937,-0.009118,0.021787,0.015451,55292.887442,45.056051,81.117294,5647.6,401.5,320.4
kic12365420,330.522262,0.794197,0.780288,106.246065,2.092393,2.137426,0.216673,0.035808,0.035446,0.820521,0.020827,0.029872,5.903872,0.121402,0.188653,0.0117874,0.0006986,0.0007137,-0.000758,0.003292,0.00321,55229.592097,6.928656,9.904696,6842.2,118.7,109.4
kic12470709,1453.403236,22.872915,22.609321,359.51482,5.437904,5.007871,0.269063,0.024348,0.02302,0.067397,0.008176,0.009191,2.587747,0.063277,0.047343,0.023619,0.0012995,0.0012356,0.239113,0.016128,0.014903,55067.462848,25.658619,26.374244,5194.4,90.2,89.6
kic12602250,586.083547,0.545182,0.546646,266.201077,1.320054,1.378454,0.415964,0.006938,0.006857,0.68031,0.002435,0.002815,2.789325,0.015488,0.015928,0.0589648,0.0008841,0.0009225,0.005916,0.001651,0.001677,55357.110438,1.527964,1.737799,9005.8,47.1,45.3
kic1294670,410.067698,0.522355,0.538577,350.825282,4.282664,4.190681,0.399538,0.018966,0.018636,0.539248,0.006337,0.006862,3.73387,0.039779,0.0393,0.2757048,0.0101229,0.009905,-0.009452,0.005407,0.005334,55179.520696,2.65219,2.863449,17100.0,214.2,209.9
kic1724961,74.338842,0.043061,0.042114,100.129009,2.180575,2.107265,0.180452,0.037256,0.039649,0.923383,0.041551,0.03682,3.162437,0.263074,0.228337,0.1950432,0.0127447,0.0123164,0.015825,0.003511,0.003437,55023.674163,3.089147,2.737487,28885.5,487.4,470.6
kic2168333,349.750966,0.450468,0.447187,260.934572,6.429762,6.356894,0.710001,0.019476,0.020185,0.310054,0.004589,0.004552,2.45339,0.029453,0.027269,0.1559408,0.0115346,0.0114042,0.024423,0.003371,0.003455,55066.834036,1.666582,1.654123,11455.0,352.9,352.4
kic2283124,1528.559071,129.979337,84.7331,372.943256,42.322023,29.171224,0.04456,0.0546,0.030269,0.45203,0.059578,0.061121,2.333601,0.391974,0.35171,0.0238367,0.0085345,0.006908,-0.506512,0.080832,0.108818,55660.463807,140.779359,142.316454,5314.4,414.7,397.8
kic2570760,1548.917482,47.301245,47.011538,286.964426,6.118975,6.334482,0.42833,0.028515,0.027905,0.539517,0.018482,0.017131,5.453386,0.043115,0.048052,0.0105757,0.0009326,0.0009527,0.182442,0.011459,0.013567,55794.059863,55.16553,54.109197,3650.2,117.2,113.4
kic2579147,1576.001116,55.15574,41.705114,122.474504,7.827395,5.800183,0.003671,0.004715,0.002527,0.639136,0.025505,0.023377,1.567499,0.112784,0.081887,0.0007942,0.000158,0.0001258,0.172332,0.019507,0.014629,55976.787879,62.938202,60.851067,1694.4,65.2,70.3
kic2714707,540.329212,2.343164,2.385817,173.440924,3.633359,3.614782,0.103729,0.048095,0.046814,0.67045,0.05968,0.049982,5.449193,0.348534,0.307804,0.0191876,0.0012177,0.0012112,-0.017982,0.006331,0.00634,55323.30243,32.333419,27.110045,6961.0,116.5,104.9
kic2974815,1068.572613,6.41809,6.393924,262.925391,3.028054,3.010224,0.141536,0.021682,0.021228,0.450092,0.018475,0.025388,3.908198,0.120558,0.165688,0.0170912,0.0006249,0.0006219,-0.009348,0.005752,0.005696,55450.465115,20.755209,27.874994,5310.8,53.9,51.9
kic2988145,793.032091,1.432069,1.458519,462.800184,3.123314,3.068949,0.315087,0.010572,0.010322,0.790541,0.007255,0.007182,6.273064,0.038164,0.042592,0.1692317,0.0034824,0.0034217,-0.002825,0.004556,0.004519,55585.316862,5.932203,5.876073,12076.0,77.5,76.7
kic2994888,1119.80291,12.577436,11.173157,225.039296,3.280814,3.160695,0.160253,0.026178,0.027703,0.169845,0.018813,0.019279,2.91633,0.114238,0.121426,0.0097583,0.0004691,0.000466,-0.047782,0.012405,0.010901,55159.701715,24.183361,24.639273,4325.1,60.9,58.5
kic3223460,1040.082727,20.501751,16.317919,255.998589,5.420859,5.444391,0.175923,0.042355,0.041414,0.592681,0.019992,0.022464,0.395339,0.118114,0.12788,0.0166517,0.0011798,0.0012489,-0.002554,0.016554,0.01477,55590.441921,27.772014,29.745892,5282.8,123.1,107.6
kic3346195,400.264036,0.597257,0.585208,241.027806,3.781883,3.746984,0.653729,0.022867,0.022739,0.87773,0.004418,0.004709,5.0566,0.029517,0.032722,0.0938407,0.0044258,0.0043855,-0.000132,0.003622,0.003667,55309.716122,1.864585,1.975396,9935.4,245.5,238.4
kic3426991,1075.883933,4.816756,4.666198,216.371783,1.899469,1.900459,0.273298,0.014592,0.014107,0.466941,0.007999,0.008656,0.372891,0.055425,0.060498,0.0093962,0.0002605,0.0002615,0.03569,0.002693,0.00264,55476.87971,9.82572,10.450397,4218.0,37.1,35.8
kic3542566,909.692995,1.82504,1.798255,259.039312,1.48477,1.476611,0.193494,0.010372,0.009867,0.827681,0.008376,0.014754,5.479819,0.04822,0.091892,0.0225523,0.0003979,0.0003961,-0.002026,0.002355,0.002349,55711.328078,7.831998,13.543327,6091.3,30.5,29.7
kic3546765,539.19682,1.259652,1.290708,168.636755,2.150675,2.129883,0.016855,0.017542,0.011213,0.468143,0.132637,0.186148,5.529586,0.834838,1.174693,0.0177111,0.0006829,0.0006762,-0.010254,0.003475,0.003597,55210.813607,71.528816,100.37851,6818.2,55.5,53.6
kic3641023,358.949293,1.198893,1.160967,44.480569,0.995306,1.027516,0.045174,0.043906,0.0299,0.55695,0.140121,0.211276,4.201137,0.886945,1.313311,0.0007334,4.95e-05,5.11e-05,-0.011915,0.001677,0.001734,55158.309329,50.310172,75.846549,2699.1,43.2,37.4
kic3650057,810.731515,2.124379,2.188169,207.454438,1.460996,1.384365,0.090179,0.013267,0.013133,0.159549,0.022252,0.01889,3.981242,0.140881,0.115946,0.0145847,0.000318,0.0003018,0.032002,0.003098,0.003265,55098.860152,18.168805,15.465772,5556.5,29.2,29.6
kic3655115,300.759565,0.48876,0.473873,255.289375,5.202826,5.077206,0.457152,0.032304,0.032939,0.139543,0.009195,0.010344,2.313842,0.060275,0.07675,0.1974886,0.0120905,0.0118005,0.012686,0.006172,0.00625,55000.361142,2.807057,3.148069,16460.0,379.8,371.6
kic3655513,274.60386,0.741074,0.746183,208.842978,7.560085,7.15148,0.527849,0.050992,0.051583,0.167292,0.0193,0.017746,2.178271,0.110997,0.124579,0.1296967,0.0141026,0.0133421,-0.058516,0.011235,0.011263,55004.331269,5.35177,4.929532,14083.8,608.7,589.4
kic3749833,1051.420003,4.844598,4.920706,201.773496,2.22296,2.225881,0.146723,0.020799,0.021465,0.444382,0.030663,0.015567,3.650829,0.200755,0.096729,0.0079785,0.0002741,0.0002741,0.003703,0.00408,0.003895,55436.740894,32.60733,17.080219,4138.9,39.2,38.0
kic3757814,2040.604403,275.90385,177.520878,252.792274,42.171654,25.768515,0.165458,0.093972,0.095709,0.95716,0.04075,0.061966,5.41206,0.097733,0.124172,0.0041654,0.002207,0.0017004,-0.006338,0.056363,0.069879,56922.69355,241.481238,259.591248,2663.8,325.9,309.8
kic3760002,458.125233,1.063072,1.060484,213.505553,7.612999,6.928011,0.770632,0.042268,0.040913,0.257017,0.005721,0.005734,1.904114,0.048881,0.046854,0.04979,0.0053311,0.0048524,0.003819,0.00565,0.005467,55076.138153,2.827838,2.833359,6475.6,439.3,414.2
kic3762741,1219.536928,74.642259,53.117945,324.694084,32.0909,19.689235,0.252628,0.094133,0.095145,0.082708,0.041041,0.044872,0.007199,0.164715,0.183252,0.0247125,0.007637,0.0054187,-0.172401,0.080543,0.107058,55075.37026,81.152767,84.114689,5616.7,405.0,431.9
kic3763579,1739.090534,192.558145,215.482994,299.518602,63.873137,58.502163,0.091375,0.101846,0.051786,0.922062,0.103045,0.099728,2.405217,0.282522,0.235668,0.0095392,0.0065446,0.0059754,0.367627,0.133545,0.140588,56573.057846,271.548662,267.776859,3739.4,679.6,535.7
kic3833853,446.787364,1.397745,1.45503,59.585715,1.11916,1.143173,0.025047,0.024888,0.016333,0.763295,0.059291,0.117288,0.263055,0.366718,0.735809,0.0011379,6.45e-05,6.59e-05,0.001394,0.001956,0.001931,55310.539751,26.528844,52.422206,2906.9,36.3,33.5
kic3849354,109.56265,0.096765,0.095871,91.111918,2.10847,2.06062,0.188733,0.046826,0.046435,0.421704,0.034482,0.028064,1.333254,0.224686,0.169554,0.0676524,0.0046982,0.0045917,-0.001758,0.003161,0.003081,55004.595438,3.779167,3.076274,17805.8,345.0,319.2
kic3851151,2172.568729,937.818882,483.025649,144.057475,32.82,19.12674,0.573948,0.154298,0.183828,0.29912,0.081606,0.095213,1.497397,0.352533,0.247142,0.0006801,0.0005545,0.0006466,-0.026085,0.025092,0.031451,55610.897428,732.211162,739.925351,1183.9,497.5,336.0
kic3969800,728.062564,13.318415,13.474674,99.264721,4.890094,5.041242,0.111573,0.104542,0.070756,0.410563,0.14657,0.183127,1.101501,0.921212,1.129986,0.0019812,0.0003018,0.0003104,0.005165,0.009428,0.009406,55257.30768,107.549738,133.999253,2954.1,131.9,103.5
kic3975085,921.274291,3.284682,3.159228,893.815187,3.752425,3.647286,0.17484,0.007642,0.007615,0.241641,0.007202,0.006373,4.725051,0.05704,0.044985,0.9033333,0.0129546,0.0127976,0.025134,0.015089,0.014994,55181.009691,7.375937,6.697233,20827.7,88.1,87.3
kic4077275,461.073091,9.684899,9.522382,113.213083,9.946878,8.879283,0.291255,0.187849,0.169982,0.329554,0.144992,0.099343,0.73068,0.985444,0.552606,0.0073288,0.0019553,0.0017517,-0.027003,0.016445,0.016143,55121.456961,67.538195,46.800337,5121.6,497.0,386.0
kic4078743,1571.107992,67.398763,50.665431,840.085842,47.338209,36.034409,0.391017,0.014765,0.014644,0.254253,0.008935,0.010073,5.178891,0.074126,0.035906,0.2578942,0.0466617,0.0398862,1.058139,0.127278,0.097636,55357.85096,60.678247,61.116638,10730.3,459.1,468.8
kic4141155,261.156743,0.271781,0.271153,80.785973,1.036135,1.022018,0.258937,0.021394,0.021804,0.111965,0.01132,0.010415,6.228438,0.070279,0.06334,0.0083002,0.0003198,0.0003155,0.005716,0.001476,0.001482,54987.633175,2.968732,2.733461,6514.6,72.6,71.0
kic4168574,1533.217756,83.225939,53.405572,618.980954,76.322337,43.511826,0.194877,0.02479,0.025605,0.065849,0.018946,0.02241,0.434088,0.072893,0.084827,0.1083196,0.0407728,0.0256925,-0.802197,0.107453,0.18588,55059.353066,74.235091,76.469677,8633.6,533.7,653.2
kic4170631,175.277767,0.720108,0.71021,91.597256,11.903059,8.533959,0.616067,0.160603,0.160463,0.024862,0.035765,0.037118,5.21537,0.276437,0.261856,0.0268582,0.0104729,0.0075102,0.014666,0.009773,0.009857,54962.749936,6.309471,6.545149,8975.1,1472.2,1362.4
kic4171102,871.63139,24.612117,25.768782,148.901103,28.304083,18.159617,0.445563,0.195168,0.198921,0.41406,0.081065,0.063426,6.262875,0.445215,0.444846,0.0046656,0.0026749,0.0017272,0.077759,0.021775,0.020994,55326.942393,75.014829,60.752692,3334.5,523.0,523.0
kic4180199,2326.360497,1614.085528,432.961281,426.846047,206.487546,51.74421,0.827312,0.067513,0.085213,0.395474,0.099545,0.166106,1.224564,0.133365,0.265602,0.0154292,0.0231164,0.0221333,0.417444,0.149026,0.068149,55878.407131,1049.394265,1094.039514,2247.3,1123.7,952.5
kic4243461,481.448995,1.825442,1.82997,116.860994,2.185345,2.303093,0.029037,0.030314,0.018488,0.491349,0.106,0.106718,1.665567,0.66527,0.673975,0.0073925,0.0004185,0.0004407,-0.007536,0.004165,0.003991,55206.068672,51.066312,51.411772,5290.1,69.7,61.7
kic4243984,553.782727,1.136092,1.14932,183.429925,2.101916,2.10168,0.388534,0.017978,0.018115,0.567898,0.010586,0.009132,0.80454,0.073528,0.057413,0.021608,0.0007482,0.000748,-0.02914,0.003267,0.003168,55272.884923,5.972676,5.184639,6654.6,79.5,77.9
kic4253860,154.956883,0.091486,0.09161,154.459686,6.634826,6.408431,0.947241,0.029508,0.043782,0.301384,0.004407,0.004215,1.45913,0.059957,0.112253,0.1647807,0.0212354,0.0205109,0.005392,0.002859,0.002864,55001.732615,0.689004,0.659528,6966.1,1448.9,1580.0
kic4269337,675.189053,0.997865,1.008604,362.045763,2.622572,2.58629,0.420109,0.010783,0.011067,0.921651,0.004775,0.004662,4.048341,0.027244,0.029978,0.1117693,0.0024517,0.002418,0.022903,0.003431,0.003415,55591.797336,3.376512,3.303739,10609.6,81.4,81.8
kic4277242,352.14436,5.09206,5.381516,58.846625,13.385172,8.633459,0.23978,0.275142,0.158927,0.426123,0.363878,0.126871,2.413072,2.217245,0.820547,0.0017644,0.0012052,0.0007783,-0.01813,0.010748,0.010308,55108.448951,128.244551,44.982774,3537.3,563.9,464.7
kic4283747,1095.685038,13.641656,13.306265,389.132578,7.178385,6.810358,0.477042,0.024279,0.023946,0.546204,0.007748,0.006842,0.40321,0.047867,0.048814,0.0526992,0.003185,0.0030623,-0.005477,0.011115,0.010335,55567.97602,15.925356,15.419072,6805.6,152.9,151.6
kic4372410,1092.734355,27.753575,25.623033,396.666522,83.864182,42.532722,0.597553,0.191689,0.146915,0.421613,0.021743,0.02616,5.219034,0.180968,0.184204,0.0561216,0.0356933,0.0182767,0.023416,0.040364,0.029008,55429.249,35.731933,39.107813,6346.3,1223.8,1180.8
kic4380834,442.828278,1.333954,1.320245,244.153148,6.669547,6.333799,0.4363,0.03877,0.038855,0.299296,0.014429,0.014073,0.220113,0.094963,0.09022,0.0796891,0.0065479,0.0062204,0.004339,0.007744,0.007751,55102.045262,6.525932,6.37166,10816.8,307.0,300.1
kic4381221,180.707909,0.135922,0.127608,203.226803,2.584944,2.620576,0.314319,0.024206,0.025049,0.584689,0.010102,0.010307,1.712597,0.064453,0.063498,0.275976,0.010538,0.0106841,0.005815,0.003645,0.00363,55064.050027,1.830261,1.867211,23277.7,295.8,285.8
kic4386091,455.832592,49.579974,36.438432,3.53878,2.281809,1.765459,0.597236,0.275434,0.339315,0.932934,0.195987,0.182688,3.272387,0.939153,0.655579,2.0e-07,4.0e-07,3.0e-07,0.001941,0.002158,0.002089,55383.653763,99.151087,93.725884,135.8,67.9,60.7
kic4456107,335.719887,0.482481,0.49056,87.548839,1.066258,1.044954,0.254655,0.021267,0.021254,0.523316,0.01443,0.011106,3.41006,0.090131,0.066044,0.0063926,0.0002343,0.0002296,-0.003031,0.001542,0.001557,55145.196538,4.868807,3.760113,5498.4,58.9,57.7
kic4476836,776.618089,2.46893,2.435468,186.757718,1.602026,1.552993,0.099162,0.016426,0.015962,0.636359,0.035865,0.0294,3.996032,0.216641,0.175967,0.0115959,0.0003071,0.0002985,-0.006968,0.002826,0.002701,55452.60005,27.961145,22.963876,5217.4,34.6,34.0
kic4574142,230.381539,0.641008,0.649114,60.751294,1.729442,1.726143,0.145128,0.053778,0.053509,0.185055,0.071738,0.047669,2.132162,0.463821,0.300447,0.0045358,0.0003882,0.0003875,0.000106,0.003288,0.003372,55001.025396,16.539695,11.000986,5688.7,129.5,116.1
kic4575908,2439.31729,86.330733,216.87757,199.207473,40.148598,40.259616,0.093998,0.092924,0.056261,0.637211,0.066078,0.049588,1.506035,0.351105,0.40976,0.0014265,0.000899,0.0008707,0.264978,0.075494,0.065998,56523.86833,221.279213,193.946771,1772.7,294.4,223.7
kic4587528,739.610679,8.261486,8.102414,216.095668,9.135428,8.395937,0.485977,0.051292,0.051544,0.134279,0.020137,0.021569,5.771678,0.097085,0.128912,0.0198068,0.0025492,0.0023507,-0.052729,0.012861,0.01316,55057.706122,16.992994,17.928518,5567.6,251.3,247.4
kic4647763,2104.305133,110.59286,117.797777,787.767617,43.037376,45.642495,0.412401,0.021482,0.029541,0.322801,0.022729,0.018963,0.479637,0.037127,0.039087,0.1185386,0.0235283,0.0240784,1.041488,0.081934,0.086411,55637.664331,123.806947,120.966504,7435.9,423.4,420.8
kic4862968,38.671773,0.091038,0.092561,21.919817,6.276546,4.306364,0.479525,0.318074,0.289371,0.893907,0.17817,0.120274,4.057148,1.287941,0.720688,0.0075615,0.0064956,0.0044567,-0.001509,0.005019,0.005462,54989.599359,6.890761,4.652115,10845.0,3065.0,2358.9
kic4902475,977.818231,1.928454,1.989112,235.104136,1.290087,1.303152,0.165756,0.010533,0.010533,0.126736,0.013373,0.011148,0.422552,0.083737,0.068552,0.0145931,0.0002475,0.0002494,-0.003681,0.002615,0.002509,55093.433991,13.222258,11.075309,5169.8,24.5,24.0
kic4937435,1413.603634,10.811345,9.035254,685.985571,5.000747,4.689825,0.588115,0.011184,0.010676,0.056505,0.002112,0.00208,2.13404,0.012621,0.013173,0.1734492,0.0043938,0.0044378,-0.077662,0.011909,0.013748,55040.914043,10.362686,10.349744,8557.4,104.8,99.3
kic4950985,824.27799,14.322487,13.009472,174.897465,9.264133,8.846275,0.226212,0.087697,0.088638,0.022232,0.088311,0.069454,3.147033,0.556599,0.3998,0.0084545,0.0013697,0.0013161,0.08246,0.014856,0.014368,54987.833648,74.064517,58.857907,4506.4,218.6,194.4
kic5022451,230.741634,0.779538,0.756921,67.527453,1.332534,1.358812,0.037728,0.035649,0.024117,0.551294,0.10667,0.271698,1.530424,0.665798,1.728204,0.0062097,0.0003699,0.0003772,0.002528,0.004014,0.004107,55134.968198,24.625196,62.696747,6376.3,87.3,78.1
kic5176531,847.289357,3.534713,3.581814,187.857258,2.460652,2.530006,0.121783,0.027834,0.026295,0.286985,0.028178,0.030835,4.866992,0.172776,0.195446,0.0099152,0.0003985,0.0004091,-0.011489,0.00451,0.004511,55212.668266,24.138621,26.367364,4798.2,52.9,48.7
kic5196851,1150.77359,12.899702,11.284262,297.601823,4.328988,3.845095,0.153499,0.02281,0.023236,0.214695,0.015222,0.014689,4.121326,0.091276,0.106715,0.0213703,0.0010224,0.0009569,-0.017791,0.015978,0.013826,55205.457476,21.285299,20.783444,5571.8,72.7,72.3
kic5212962,517.32113,0.848939,0.853264,312.708342,2.676708,2.673088,0.321634,0.015818,0.016,0.725103,0.007511,0.007663,4.95847,0.044284,0.045658,0.122682,0.0031763,0.0031718,0.003492,0.004303,0.004258,55333.502993,3.97772,4.054566,12479.3,108.2,106.2
kic5219533,1570.980156,14.679869,13.357343,1367.023881,10.541835,10.133688,0.576688,0.008095,0.008127,0.157173,0.001507,0.001464,0.478378,0.015707,0.012963,1.1113981,0.0319105,0.0322849,-1.215435,0.017809,0.017818,55205.307464,14.21711,14.206017,15500.1,177.4,173.5
kic5253740,684.040494,3.970166,3.825888,187.035582,12.350028,9.514311,0.720387,0.040944,0.040412,0.727178,0.009722,0.010313,3.683739,0.05427,0.057778,0.0150138,0.0029788,0.0022978,0.009743,0.005637,0.005872,55455.812078,7.708458,8.059821,4134.8,279.9,298.5
kic5271224,40.518544,0.047857,0.047269,47.550776,17.681152,6.729406,0.51956,0.255158,0.262613,0.32076,0.128996,0.064681,3.31924,0.81911,0.348221,0.070315,0.0784374,0.0298535,0.00167,0.004872,0.004727,54971.389158,5.226947,2.621212,21862.9,4856.1,5712.3
kic5272673,1219.118039,11.351516,10.436951,230.630178,1.761551,1.803462,0.113543,0.021997,0.020853,0.609585,0.015358,0.023309,1.791312,0.086084,0.138898,0.0088622,0.0002535,0.0002654,-0.004108,0.003784,0.00368,55701.54847,21.66202,30.433163,4098.1,37.6,34.4
kic5295234,1657.035863,254.066352,269.587602,187.390741,31.261701,35.542869,0.427025,0.144305,0.148133,0.240438,0.065,0.065305,1.944083,0.494586,0.643306,0.0025731,0.001536,0.0016632,-0.262584,0.108771,0.060168,55367.922769,283.115233,283.307889,2229.6,499.4,408.1
kic5302006,733.992329,4.624376,4.383046,146.763266,3.929801,3.696391,0.325845,0.036949,0.038985,0.019548,0.024859,0.020953,0.164082,0.179352,0.126716,0.0063002,0.0005117,0.0004826,-0.010149,0.00508,0.005163,54983.856362,18.79392,16.025216,4121.7,100.4,100.1
kic5304634,2101.40069,73.247974,60.445212,564.069511,39.663313,32.308925,0.110122,0.014984,0.013617,0.868597,0.013754,0.014619,2.856108,0.012792,0.023841,0.0436378,0.0095415,0.0080921,0.909076,0.06911,0.06078,56783.662165,72.827406,73.567714,5817.0,263.1,269.1
kic5355850,1117.088805,3.180356,2.870038,362.39921,1.196107,1.184826,0.384321,0.005977,0.006099,0.64831,0.002333,0.002378,5.255302,0.012847,0.014156,0.0409514,0.0004568,0.0004644,0.001086,0.002406,0.002266,55682.612333,3.992985,4.025975,6530.1,28.1,27.5
kic5358323,311.183988,0.513734,0.523317,95.709706,1.305922,1.285923,0.039021,0.024829,0.021216,0.999586,0.100442,0.063109,3.729427,0.635281,0.392448,0.0097211,0.0003993,0.0003931,0.02021,0.002228,0.002058,55269.447588,31.260243,19.645355,6700.9,59.9,56.8
kic5370646,374.205717,0.855709,0.866872,352.234148,6.027378,5.945838,0.232264,0.031192,0.031906,0.570411,0.02241,0.025067,4.931968,0.139478,0.158833,0.335086,0.0172717,0.0170382,-0.000223,0.009877,0.00985,55171.843217,8.430064,9.419674,19962.0,300.2,289.0
kic5376614,2069.458616,430.214888,336.878539,55.483463,25.270369,13.834147,0.125586,0.102787,0.07665,0.177962,0.144323,0.108036,4.703465,1.053397,1.022259,4.28e-05,6.01e-05,3.66e-05,0.081003,0.044344,0.029528,55337.793444,486.119465,443.953064,579.9,173.0,144.3
kic5385469,2495.57211,352.125496,131.733152,933.125776,95.05938,42.292319,0.726027,0.032124,0.026766,0.233062,0.014365,0.026543,2.288074,0.033316,0.030733,0.1400758,0.0452917,0.0438786,-1.136322,0.050513,0.104758,55540.014947,244.570932,250.833673,5606.3,645.4,524.8
kic5394574,336.794092,0.364961,0.361963,170.097733,2.069429,2.057835,0.460682,0.017979,0.017653,0.189172,0.005823,0.005857,5.517287,0.037588,0.034244,0.0465854,0.0017032,0.0016938,-0.004486,0.002629,0.002658,55022.103792,1.994548,2.005808,9773.7,131.3,127.6
kic5459805,1407.751383,63.722018,58.949743,378.812527,23.500806,20.132996,0.214738,0.026413,0.030056,0.236992,0.019403,0.017887,5.362664,0.142384,0.139488,0.0294513,0.0060107,0.0053999,0.329429,0.070956,0.063588,55303.134306,67.142964,66.303433,5730.2,280.6,284.2
kic5475668,138.047618,0.054503,0.055165,201.210852,2.221832,2.295287,0.591583,0.018855,0.019068,0.887606,0.00572,0.005109,4.658661,0.048511,0.033286,0.4589645,0.0152085,0.0157109,-0.001914,0.002617,0.002599,55092.040154,0.791534,0.707414,25622.1,429.8,416.8
kic5542211,728.732721,4.580152,4.40859,202.717477,5.68417,5.401727,0.195538,0.055577,0.049264,0.636655,0.046709,0.044835,4.02537,0.28737,0.258232,0.016843,0.0014314,0.001363,0.013486,0.008006,0.008202,55422.34347,34.333809,32.9804,5948.2,145.5,132.6
kic5545566,177.087844,0.692042,0.660016,44.449057,4.037996,3.321916,0.512282,0.14977,0.134752,0.404011,0.042509,0.039887,4.960734,0.328333,0.287992,0.0030067,0.0008197,0.0006745,-0.001227,0.004209,0.004183,55029.937517,7.558121,7.09578,4700.0,540.6,461.1
kic5641605,1185.024254,15.792982,12.975627,274.729626,3.49617,3.419249,0.573046,0.009593,0.009032,0.387716,0.004425,0.004724,5.920255,0.011675,0.010702,0.0158542,0.0006978,0.0007273,0.079327,0.009921,0.008359,55417.844784,15.310289,15.435233,4142.5,66.9,62.1
kic5647514,1114.039776,9.042823,8.879721,197.163534,2.075781,2.113643,0.355052,0.018546,0.018329,0.704365,0.009442,0.008374,2.38711,0.052159,0.048708,0.0066307,0.0002346,0.0002389,0.004977,0.003903,0.004002,55743.082457,13.818422,12.935767,3607.4,46.8,45.2
kic5705575,537.657029,0.913901,0.886882,165.24205,1.438208,1.447455,0.015609,0.015673,0.009848,0.756502,0.091603,0.090305,1.027599,0.576154,0.571995,0.0167584,0.0004411,0.0004441,0.004359,0.002555,0.002515,55376.247318,49.259226,48.561466,6700.2,38.1,36.2
kic5709664,95.029752,0.043828,0.043272,117.243228,3.008628,2.787722,0.51446,0.030078,0.029995,0.369413,0.0079,0.007998,0.401757,0.048875,0.046112,0.1916138,0.0147523,0.0136693,0.003502,0.002278,0.002303,54993.497466,0.751997,0.761295,23067.2,611.0,610.8
kic5723310,1268.552795,9.490154,9.311235,274.742254,1.869581,1.884239,0.156261,0.015394,0.01496,0.896473,0.020811,0.018207,0.220546,0.108398,0.094078,0.013837,0.0003479,0.000352,-0.001222,0.00391,0.003989,56095.6153,28.023655,24.936384,4664.2,36.6,35.3
kic5725312,704.781165,4.456547,4.45038,194.005752,4.82795,4.769031,0.046039,0.035518,0.027856,0.993291,0.162976,0.103266,2.4004,1.022025,0.644011,0.015784,0.0011951,0.001181,-0.000706,0.008116,0.008291,55669.561128,114.948718,72.91606,5995.5,103.3,95.9
kic5728217,224.765535,0.470136,0.456029,103.972386,2.761063,2.74005,0.150421,0.055321,0.053247,0.070659,0.041918,0.050262,6.175768,0.254239,0.323965,0.0238879,0.0019055,0.0018912,6.8e-05,0.004195,0.004271,54974.273608,9.433095,11.306652,9971.1,216.7,192.9
kic5733154,62.545805,0.129462,0.129182,28.10806,6.954453,4.229776,0.824632,0.106624,0.161805,0.238151,0.034681,0.029917,1.02197,0.305193,0.23951,0.0060951,0.0045242,0.0027517,-0.005688,0.003922,0.004051,54970.875886,2.173003,1.875646,5542.7,1513.9,1900.5
kic5734003,1228.126774,193.319816,97.276542,280.531489,34.439074,23.65217,0.459613,0.173014,0.185815,0.629443,0.081395,0.085571,2.29006,0.284659,0.238179,0.015716,0.0063008,0.0063468,-0.072084,0.037572,0.05225,55745.047261,176.363936,179.320654,4423.2,768.6,627.0
kic5737687,1067.869636,16.442024,17.804591,375.810544,5.869374,5.617674,0.511587,0.021337,0.021357,0.678956,0.015748,0.013006,1.407973,0.055132,0.040544,0.049975,0.002874,0.0027186,-0.010327,0.017234,0.017563,55683.428257,24.000267,22.047766,6593.0,145.8,149.5
kic5738127,442.557999,2.593752,2.577756,100.360055,2.858002,2.843743,0.098261,0.055401,0.051347,0.883294,0.132441,0.104125,1.64695,0.806939,0.655377,0.0055415,0.0004778,0.0004755,0.073109,0.006269,0.006203,55361.418285,58.669833,46.153842,4920.5,108.5,96.1
kic5768203,183.740349,0.106935,0.108249,183.461187,2.652743,2.585814,0.626718,0.021288,0.021446,0.941568,0.004376,0.004257,1.374572,0.030621,0.029955,0.1963841,0.0085219,0.008307,-0.013171,0.002562,0.002457,55129.036763,0.811214,0.789548,16964.4,360.1,355.5
kic5791786,119.28206,0.202111,0.19732,115.556063,6.209506,5.773869,0.423263,0.086303,0.089031,0.326994,0.025223,0.030326,2.270946,0.15598,0.206137,0.1164423,0.0187753,0.0174589,0.022831,0.006946,0.006807,54997.396818,3.015273,3.622857,19137.0,1114.5,1038.8
kic5808231,1081.263348,12.180398,10.636736,177.822424,2.369851,2.350662,0.050841,0.024584,0.022441,0.679649,0.055221,0.048772,2.720382,0.320917,0.320739,0.0051639,0.0002301,0.0002355,0.001311,0.007582,0.008347,55704.387933,60.788598,53.955308,3581.1,42.7,39.1
kic5811454,1210.009103,64.8772,33.444751,182.086,53.184804,32.740584,0.823254,0.076273,0.099169,0.926387,0.032734,0.068587,5.861223,0.134074,0.310872,0.0044273,0.0038871,0.0024349,-0.076158,0.012181,0.015105,56079.328633,63.131845,96.458748,1862.6,452.1,551.7
kic5819178,237.625759,0.507561,0.524175,72.019347,1.712235,1.746636,0.060469,0.042882,0.034777,0.001124,0.115096,0.084829,1.097238,0.724353,0.532355,0.007103,0.0005076,0.0005177,0.004537,0.002898,0.002801,54959.803231,27.354639,20.164155,6596.1,110.6,97.4
kic5857714,79.229368,0.173044,0.167782,21.178125,1.554528,1.550734,0.131652,0.123853,0.086232,0.613259,0.263917,0.294645,5.699455,1.659497,1.889885,0.0016247,0.0003578,0.000357,-0.007784,0.002295,0.00227,55006.980903,20.910672,23.345159,5777.4,342.8,259.0
kic5857714a,1008.564143,7.213436,6.853601,76.537156,1.349716,1.321379,0.140282,0.033938,0.033256,0.273559,0.03909,0.045696,4.522964,0.244971,0.287501,0.0004733,2.59e-05,2.54e-05,-0.003979,0.002509,0.00261,55234.294578,40.04726,46.62096,1638.2,24.5,23.1
kic5879187,2785.322209,201.402229,309.316919,392.319892,74.752551,94.889322,0.080538,0.053789,0.043483,0.908952,0.038045,0.015998,0.458808,0.106625,0.074419,0.008357,0.005125,0.0061832,-0.583281,0.140271,0.097601,57495.255723,276.473581,259.218187,3061.1,671.5,393.9
kic5880352,176.97132,0.283999,0.290492,42.433056,1.088424,0.982169,0.035638,0.034637,0.022381,0.145624,0.271582,0.303271,1.672335,1.721241,1.892108,0.0026193,0.0002017,0.0001821,0.002527,0.001722,0.001715,54995.279882,48.063083,53.671038,5224.6,78.6,78.9
kic5891975,900.582086,18.664396,16.93882,277.874622,11.91373,11.732956,0.144494,0.076759,0.079016,0.369324,0.117345,0.104909,0.345106,0.739625,0.701088,0.0284042,0.0038065,0.0037857,0.046185,0.026476,0.029029,55527.974978,107.167659,96.141615,6656.9,256.5,224.0
kic5892660,1564.504065,71.558633,55.328114,275.386577,7.179964,6.187652,0.335918,0.029605,0.027821,0.695216,0.037644,0.044208,5.775243,0.111608,0.126383,0.0091613,0.0009661,0.001041,-0.128972,0.011175,0.012783,56057.176638,86.565509,93.854486,3614.9,135.2,118.9
kic5900260,159.797054,0.181507,0.173639,121.596412,3.117989,3.037993,0.392928,0.039676,0.039769,0.432802,0.01449,0.014219,0.549003,0.088143,0.087456,0.0755975,0.0058178,0.0056688,0.010266,0.003466,0.003593,55027.552345,2.322258,2.279083,15256.7,397.0,380.8
kic5964173,1234.342632,32.812191,26.890958,71.524514,1.695889,1.659745,0.113811,0.061915,0.055241,0.818416,0.083284,0.138909,5.863765,0.46769,0.784454,0.0002579,2.15e-05,2.26e-05,0.003914,0.003488,0.003779,55968.59799,107.047468,174.040496,1255.2,34.3,28.7
kic5988140,4296.910339,199.88076,318.626436,530.924381,22.426559,34.412572,0.735726,0.010734,0.014313,0.159899,0.013944,0.007563,0.354746,0.019703,0.013367,0.008703,0.0016977,0.001876,0.596772,0.022937,0.02972,55645.463466,266.087146,261.282448,1824.6,113.2,119.3
kic6041680,673.58643,1.615907,1.63538,159.143823,1.554732,1.545352,0.11187,0.018086,0.017345,0.775848,0.032148,0.024087,4.370713,0.203016,0.141681,0.0095382,0.0002834,0.0002816,-0.00736,0.002733,0.002763,55492.109375,21.715391,16.305914,5119.0,38.2,36.8
kic6115466,720.938322,0.655397,0.628541,290.956319,0.845795,0.877407,0.09893,0.006036,0.005891,0.734279,0.009792,0.006946,5.693253,0.059605,0.043699,0.0508827,0.0004525,0.0004695,0.002708,0.001554,0.001571,55487.76235,7.088558,5.048619,8756.3,20.3,19.3
kic6139591,1309.960735,42.757455,33.018661,355.764397,10.253084,10.41297,0.580229,0.01501,0.017967,0.568474,0.016959,0.019987,0.367948,0.022083,0.023042,0.0281743,0.0028198,0.0030827,0.185841,0.026977,0.022157,55714.186989,43.920825,46.054443,4822.8,169.5,159.0
kic6141372,2621.619214,612.312707,538.772674,210.48622,39.080413,33.79057,0.790839,0.039412,0.042361,0.437176,0.11111,0.08341,3.109958,0.058027,0.057976,0.0014568,0.0010085,0.0009774,-0.093341,0.039578,0.035624,56104.500951,645.056705,615.683062,1071.4,255.9,243.8
kic6206125,172.854645,0.269847,0.274461,237.86207,8.066265,7.641786,0.420946,0.05128,0.052466,0.565339,0.013798,0.015857,0.55846,0.073634,0.088821,0.483611,0.0492239,0.0466353,-0.015465,0.00886,0.008743,55056.113742,2.400526,2.754434,27215.6,958.8,928.2
kic6222529,172.7116,0.399754,0.393378,142.868992,5.386352,5.340417,0.184702,0.069207,0.070722,0.178227,0.076235,0.064595,4.478097,0.490748,0.405395,0.1049672,0.0118818,0.011781,-0.015634,0.008688,0.008654,54989.17382,13.17264,11.163352,17725.7,561.4,495.9
kic6229130,612.314863,3.686126,3.669532,254.010482,6.543776,6.28343,0.248298,0.041528,0.040478,0.786381,0.026616,0.028047,3.57312,0.155293,0.170451,0.0469341,0.0036707,0.0035285,-0.007407,0.010743,0.01113,55439.904614,16.707207,17.562995,8761.6,198.9,189.9
kic6229502,1321.098458,17.437849,12.210242,238.126298,2.804073,2.165955,0.086806,0.014577,0.015433,0.970504,0.018014,0.062006,4.785141,0.101542,0.328226,0.0083068,0.0003312,0.0003154,0.016944,0.006957,0.010038,56240.523168,28.037651,83.246552,3915.2,41.8,39.6
kic6230921,3211.680055,392.244014,547.888727,602.282018,165.077699,93.002607,0.417829,0.050089,0.091054,0.247043,0.048824,0.033725,3.528944,0.117291,0.139166,0.0227414,0.0202453,0.0119098,-0.972321,0.151242,0.269899,55751.814886,495.530876,482.383971,3714.8,576.8,791.3
kic6231538,3874.810419,1240.15475,876.650719,138.935396,26.153172,19.567718,0.736941,0.064444,0.077175,0.208795,0.06241,0.048788,1.614421,0.089564,0.078878,0.0001918,0.0001388,0.0001471,0.033577,0.009613,0.009795,55778.549251,1085.677948,1075.153048,528.5,153.7,137.9
kic6233899,1760.722457,216.434585,251.650736,176.215108,36.312374,34.540218,0.257336,0.121037,0.110482,0.597799,0.175932,0.104293,1.36121,0.586112,0.425271,0.0018951,0.0012907,0.0012079,0.233751,0.084503,0.082396,56010.949894,388.241965,297.483312,2108.6,417.3,342.5
kic6280952,1045.268347,2.560648,2.504581,246.245007,1.343427,1.391228,0.154067,0.010458,0.010413,0.649296,0.008945,0.009003,4.845732,0.054652,0.058525,0.0146734,0.0002502,0.0002589,-0.001606,0.002225,0.002145,55637.080947,9.686859,9.745389,5075.1,24.7,23.6
kic6287172,2043.74975,55.941842,52.233221,546.881736,30.06727,20.862207,0.910666,0.008963,0.007383,0.535881,0.014251,0.014961,2.949444,0.010199,0.011544,0.0420443,0.0072601,0.0053338,-0.029503,0.006467,0.008306,56053.59891,61.430892,62.132004,2410.4,138.4,145.6
kic6290411,1015.067554,5.765627,5.613905,244.645435,2.443742,2.523365,0.160825,0.019405,0.01975,0.62168,0.022652,0.017814,3.411631,0.139705,0.114155,0.0152582,0.0004874,0.0005029,0.014536,0.005269,0.005372,55589.439377,23.686827,18.956453,5186.5,48.9,46.4
kic6302589,1032.15871,1.839739,1.949485,381.788458,1.604575,1.573149,0.001848,0.002482,0.001277,0.612603,0.077811,0.036074,1.046677,0.489526,0.226782,0.0560865,0.0007382,0.0007216,0.009692,0.002806,0.002694,55590.695462,80.335645,37.282265,8064.9,22.8,23.3
kic6314475,408.174318,1.214585,1.212671,133.189082,2.705612,2.625793,0.30552,0.038427,0.039604,0.966354,0.020135,0.021161,1.902752,0.132362,0.135717,0.0152264,0.0009323,0.0009051,0.00439,0.004327,0.00456,55363.949045,8.307714,8.722223,6774.4,135.9,131.7
kic6367159,281.801312,1.060631,1.035983,124.580338,3.156868,3.038911,0.299606,0.043736,0.042048,0.88254,0.027635,0.032644,5.11128,0.176143,0.201629,0.0261424,0.0019966,0.0019232,0.033944,0.006946,0.006799,55207.09315,7.85782,9.25866,9196.2,220.5,208.2
kic6451876,937.608858,5.36312,5.541547,288.266089,3.190425,3.208214,0.053542,0.023504,0.021863,0.900071,0.038085,0.028177,4.372042,0.229937,0.178072,0.0292563,0.0010311,0.0010326,0.028962,0.00729,0.007413,55802.306632,36.12269,26.975762,6693.8,59.1,56.3
kic6467639,21.357244,0.012716,0.012781,45.972615,4.623018,3.676662,0.266196,0.22861,0.163306,0.750546,0.105624,0.143536,5.205774,0.656806,1.029928,0.2287125,0.0689987,0.0548746,-0.005266,0.004828,0.004757,54971.560564,2.255874,3.06556,45239.7,4634.0,3315.7
kic6470973,1804.300506,114.298818,108.508345,602.53549,24.67158,25.80058,0.645181,0.027396,0.033889,0.533205,0.033472,0.033216,2.609055,0.036417,0.043518,0.0721461,0.0124033,0.0130171,-0.145881,0.029384,0.03184,55920.453811,126.72071,126.501226,5563.0,359.5,369.0
kic6522144,1016.882097,8.263335,7.549802,261.385088,3.085343,2.892342,0.080003,0.020659,0.020282,0.462819,0.028831,0.040941,4.447433,0.183053,0.270811,0.0185432,0.000712,0.0006854,-0.001721,0.009256,0.008941,55429.024645,30.365161,42.376307,5586.5,54.8,53.6
kic6586020,310.741029,41.103028,32.57703,261.28703,43.114066,61.359977,0.138878,0.115324,0.085286,0.622815,0.099538,0.106851,1.578944,0.547879,0.702929,0.1983531,0.1066334,0.1492696,3.017881,0.493912,0.743981,56305.690934,48.10287,49.594619,18155.8,4315.9,2176.0
kic6586333,410.093393,3.570626,3.622072,46.25564,2.806746,2.355736,0.18253,0.11442,0.097844,0.872303,0.105359,0.077995,4.192655,0.613693,0.453839,0.0006318,0.0001156,9.72e-05,0.001836,0.004039,0.004369,55327.234747,43.356443,32.186782,2418.0,117.3,104.7
kic6604303,2364.14349,177.867761,303.77098,151.342994,14.554412,28.211412,0.366552,0.079835,0.067217,0.404358,0.063689,0.046634,0.762957,0.239427,0.173024,0.0006659,0.0002573,0.0003856,0.213397,0.031965,0.053326,55925.469003,284.016328,264.856403,1298.6,222.3,147.8
kic6629106,402.306528,0.798516,0.790661,166.81945,2.681781,2.76653,0.296167,0.025147,0.026662,0.581126,0.014468,0.014671,6.200657,0.087894,0.08881,0.030797,0.0014902,0.0015371,0.004719,0.003606,0.003571,55192.182633,5.874557,5.955485,8635.3,129.5,124.2
kic6633452,1228.347293,34.027628,26.17675,88.0285,2.027116,1.790793,0.285268,0.034319,0.033587,0.359203,0.01597,0.016849,3.001696,0.14679,0.140309,0.0004854,3.94e-05,4.0e-05,-0.001545,0.00432,0.005051,55404.757113,35.929889,36.530586,1497.6,41.5,37.9
kic6668729,1164.023536,7.289855,6.774623,347.826849,3.951284,3.706768,0.329706,0.022169,0.021102,0.298716,0.008961,0.0091,3.328003,0.060932,0.060615,0.0333464,0.0012009,0.001145,-0.00765,0.007145,0.006971,55306.105265,12.579916,12.714396,6150.9,78.2,76.2
kic6671321,674.319203,1.025917,1.048318,184.616753,1.178612,1.22253,0.18723,0.012932,0.013044,0.051695,0.009556,0.007858,0.647157,0.062946,0.049264,0.0148582,0.0002883,0.0002986,-0.005089,0.002127,0.002134,55004.367971,6.526722,5.399342,5863.8,33.3,31.8
kic6678614,904.353619,20.896417,18.388223,64.985118,3.003951,2.887603,0.076359,0.074926,0.048498,0.65835,0.186567,0.247894,1.728036,1.144434,1.597891,0.0003603,5.21e-05,5.08e-05,-0.008093,0.006048,0.00647,55553.773745,169.862052,225.042692,1562.2,58.4,50.4
kic6756386,134.405556,0.968869,0.957666,51.821645,9.725029,7.662055,0.411269,0.280915,0.24053,0.951315,0.128268,0.138375,2.294279,0.784144,0.897726,0.0082715,0.0046582,0.0036708,0.003796,0.009448,0.009494,55088.901042,17.266822,18.623297,7662.7,1550.2,1139.3
kic6762992,692.617248,2.063942,2.068596,221.690989,2.365707,2.282044,0.050996,0.019859,0.018966,0.285934,0.040351,0.036095,3.698348,0.257183,0.231127,0.024386,0.0007942,0.000767,-0.010214,0.00439,0.004261,55156.43541,28.024077,25.085264,6969.7,51.4,50.5
kic6854623,1067.223372,29.439632,21.975584,159.796973,4.715232,4.576412,0.208512,0.034074,0.032198,0.76335,0.028577,0.031296,3.484128,0.125461,0.123576,0.0038466,0.0003756,0.0003928,-0.010868,0.013624,0.017671,55784.173721,39.887488,42.147708,3192.9,95.3,83.7
kic6861400,2382.059868,72.150185,79.165743,286.860475,34.17818,27.411241,0.384645,0.026021,0.023829,0.970134,0.008341,0.007441,4.240483,0.012589,0.021416,0.0044667,0.0016239,0.0013087,0.393337,0.049154,0.041982,57280.425918,78.223367,77.706498,2423.7,180.1,186.2
kic6862920,61.494138,0.050033,0.04788,118.221863,23.491767,13.756714,0.820702,0.10362,0.130789,0.818574,0.018187,0.018911,0.981574,0.147679,0.165228,0.4691467,0.2796722,0.1637765,-0.003766,0.006561,0.006416,55006.369593,1.119465,1.163946,23949.5,5825.7,6651.6
kic6865077,446.977932,0.206611,0.203369,421.404816,1.24392,1.236184,0.292495,0.00537,0.005416,0.064538,0.002924,0.002884,0.784875,0.018596,0.019198,0.4021694,0.0035802,0.0035587,-0.017456,0.001966,0.001943,54987.239292,1.322942,1.305281,19657.0,54.9,54.8
kic6877609,52.653984,0.016359,0.016482,67.198921,1.196244,1.15479,0.324881,0.033269,0.03402,0.365803,0.012053,0.015106,5.126034,0.076237,0.10245,0.1175187,0.0062765,0.006059,-0.004072,0.001736,0.001727,54986.266095,0.634851,0.795561,26316.9,458.1,447.4
kic6922995,1626.889875,166.002018,105.993608,560.499928,32.587491,25.108618,0.31927,0.053506,0.053904,0.689226,0.070622,0.090388,5.778985,0.206901,0.311711,0.071432,0.015552,0.0174544,-0.352199,0.05116,0.053499,56079.687731,178.033947,200.298518,7118.6,561.3,456.7
kic6935101,964.525627,9.637907,9.12092,166.747235,3.823587,3.850648,0.298284,0.039937,0.039449,0.554172,0.01881,0.022849,2.668842,0.100184,0.151386,0.005351,0.0003818,0.0003858,0.027384,0.006565,0.006658,55498.044896,20.423808,23.951336,3597.8,86.2,80.6
kic6939291,956.932213,0.593421,0.616755,701.091922,1.397165,1.35064,0.097945,0.003898,0.003846,0.444092,0.005971,0.00572,2.535784,0.036994,0.036282,0.4040594,0.0024712,0.0023884,0.002774,0.00235,0.002274,55383.35839,5.745792,5.506996,15897.4,23.6,24.1
kic7051690,1104.187061,4.886616,4.745831,243.944219,1.478542,1.434745,0.203101,0.010944,0.010724,0.821036,0.010153,0.008841,3.247782,0.053961,0.044183,0.0127841,0.0002571,0.0002524,0.014689,0.003554,0.003734,55876.085598,12.201569,10.885539,4716.6,28.5,28.1
kic7060333,1012.811963,3.753832,3.588673,879.1766,4.256502,3.99294,0.354967,0.007608,0.008079,0.983608,0.005441,0.005002,1.405779,0.019568,0.02008,0.711301,0.0114953,0.011033,0.037291,0.014253,0.014335,55954.601719,6.621633,6.256462,17694.1,97.4,100.2
kic7124680,108.273479,0.149487,0.143889,88.965247,5.202141,4.541088,0.5099,0.107996,0.09804,0.319979,0.022716,0.022849,1.805394,0.149186,0.1535,0.0644911,0.0113144,0.0098771,0.021201,0.00534,0.005027,55132.88654,2.463911,2.478286,15411.3,1207.1,1053.8
kic7173839,357.683595,1.602288,1.549747,63.973422,1.582472,1.599417,0.047522,0.03959,0.029461,0.146956,0.10888,0.113387,3.80086,0.684165,0.696369,0.0021973,0.0001642,0.000166,-0.024533,0.003348,0.003242,55010.9567,38.976466,40.58728,3895.2,67.2,60.2
kic7219502,868.235394,9.731043,9.161908,64.326793,4.353736,3.240439,0.681172,0.058584,0.050632,0.833256,0.01293,0.012958,5.498217,0.068684,0.064498,0.0003791,7.74e-05,5.79e-05,0.000809,0.002263,0.00224,55681.854211,14.671924,14.690533,1182.7,91.2,90.0
kic7271892,194.913059,0.737331,0.735678,63.19329,2.90152,2.901943,0.073164,0.070875,0.04647,0.662301,0.342891,0.295478,0.335113,2.159782,1.892374,0.007132,0.0009839,0.000984,-0.004731,0.00502,0.00518,55087.483564,66.837992,57.59723,7050.0,231.5,194.4
kic7289158,562.082078,4.400862,4.098847,154.212742,5.121334,4.913717,0.211336,0.078042,0.076508,0.083647,0.041192,0.042469,1.642397,0.278572,0.282489,0.0124636,0.001255,0.0012073,0.000694,0.009578,0.009507,55010.54785,23.540091,24.246421,5846.9,188.4,166.3
kic7368960,1030.358663,5.295234,5.09108,220.929741,1.895285,1.802,0.108337,0.016609,0.016736,0.310195,0.024199,0.017201,3.317318,0.16824,0.105055,0.0109061,0.0003007,0.0002895,-0.003092,0.005233,0.005112,55278.004215,25.468721,18.46837,4647.6,33.7,33.5
kic7456441,97.781313,0.089706,0.090412,59.632156,1.57773,1.556722,0.209326,0.049974,0.048878,0.991513,0.048788,0.034546,5.139949,0.311667,0.205733,0.0238129,0.0018906,0.0018654,0.004593,0.002437,0.002422,55055.343423,4.771405,3.379154,13002.3,293.6,268.5
kic7467518,615.712738,1.001746,1.051195,227.065235,1.588595,1.574047,0.295745,0.013081,0.013242,0.377299,0.007148,0.006941,1.629699,0.047185,0.045813,0.0331572,0.0007051,0.0006979,0.006331,0.002869,0.002923,55190.69961,4.519231,4.395205,7681.1,52.8,52.5
kic7467539,1396.613718,29.745792,25.296425,191.030469,6.920887,5.932436,0.252886,0.026065,0.023618,0.946352,0.011942,0.012515,6.218359,0.046942,0.053425,0.0038374,0.0004396,0.0003931,-0.230872,0.016949,0.020001,56280.079995,32.180415,32.602356,2885.4,82.1,82.4
kic7502559,645.239208,4.893414,4.81485,196.732573,5.913337,5.814402,0.06058,0.059661,0.040092,0.000513,0.163077,0.13686,3.18738,1.025402,0.840809,0.0196368,0.0017948,0.0017664,0.038217,0.011088,0.010934,54958.723878,105.335579,88.44075,6635.6,147.9,129.6
kic7549852,70.766879,0.075429,0.07799,60.047399,2.465226,2.576009,0.086853,0.073887,0.054304,0.145556,0.167087,0.151068,1.738392,1.051968,0.968567,0.04642,0.0057182,0.005975,-0.003119,0.004147,0.00423,54965.330884,11.824474,10.690886,18430.8,575.4,460.3
kic7551993,338.461943,0.254361,0.26605,246.573202,2.18781,2.267818,0.622684,0.013084,0.012756,0.511134,0.002925,0.003044,4.346099,0.018595,0.023025,0.1405079,0.0037466,0.0038826,0.003949,0.002333,0.002278,55131.391187,1.023626,1.062629,12428.8,164.7,157.5
kic7583208,235.833254,0.925542,0.912148,53.204551,2.334338,2.271251,0.147871,0.083985,0.07504,0.435275,0.107692,0.072567,0.827808,0.711331,0.436494,0.0029075,0.0003834,0.0003731,0.002661,0.003649,0.003609,55061.04522,25.413971,17.138361,4864.8,173.2,146.9
kic7618364,3417.03258,126.644127,225.102048,183.676363,10.32273,16.413144,0.436855,0.026312,0.031255,0.052901,0.006116,0.005586,5.698806,0.056205,0.039049,0.0005698,0.0001219,0.0001585,0.247065,0.015078,0.023352,55139.156421,177.110398,176.905843,1054.3,77.2,66.3
kic7668791,2899.058702,266.847466,220.370952,1062.372825,89.36645,87.378283,0.520033,0.025664,0.028193,0.423507,0.038068,0.04426,4.294866,0.091226,0.117536,0.1531791,0.0451289,0.0471565,-1.649808,0.127853,0.123242,56188.810474,267.441728,275.335255,6824.6,619.7,554.2
kic7703305,177.348997,0.655277,0.708252,69.806844,5.865219,5.06564,0.36365,0.116783,0.121838,0.382599,0.054945,0.047613,0.032473,0.337982,0.273705,0.0116123,0.0029285,0.0025295,0.004562,0.006,0.006422,55026.245329,9.768261,8.471595,7994.5,616.7,573.4
kic7773133,566.033077,1.471732,1.411168,217.932189,3.978054,3.863824,0.365236,0.026404,0.027642,0.51169,0.013003,0.014311,2.869832,0.081318,0.089327,0.0346867,0.0019073,0.0018537,0.005393,0.004905,0.004895,55248.025245,7.499951,8.22775,7814.7,137.0,136.3
kic7819024,215.909517,0.862831,0.827855,71.92261,3.724025,3.661874,0.079407,0.074929,0.049276,0.758966,0.167665,0.311959,1.567733,1.05205,1.912579,0.0085691,0.0013327,0.0013107,0.008932,0.005812,0.00605,55133.376592,36.210338,67.360222,7240.1,265.2,223.9
kic7841434,82.081549,0.093004,0.095961,31.369186,1.207084,1.212461,0.293626,0.074663,0.079315,0.235153,0.039564,0.044616,1.593183,0.253382,0.309465,0.0049193,0.000568,0.0005705,-0.001272,0.001945,0.001984,54985.305362,3.248849,3.663369,7965.3,307.8,276.5
kic7848288,599.464831,0.781186,0.781006,291.775068,2.892253,2.815398,0.460384,0.012553,0.012548,0.410494,0.003888,0.00353,0.080474,0.024481,0.018894,0.0742164,0.0022155,0.0021571,0.000736,0.002951,0.002861,55215.584776,2.458122,2.255668,9420.7,95.7,95.6
kic7917485,839.718974,21.744467,19.612264,7.049619,0.476262,0.421475,0.153873,0.127433,0.097942,0.890303,0.098006,0.117776,2.95294,0.607601,0.694498,5.0e-07,1.0e-07,1.0e-07,0.0,0.0,0.0,55705.995982,84.855601,101.037399,180.9,10.6,8.8
kic7956461,78.287886,0.118923,0.122968,115.395472,6.187054,5.925158,0.096209,0.093691,0.06062,0.703672,0.28042,0.18677,5.432353,1.822631,1.162346,0.2691906,0.0433071,0.0414741,-0.005275,0.009991,0.009993,55011.121093,21.953822,14.622329,31988.9,1248.5,1029.9
kic7975162,774.092224,8.211929,8.347458,326.47213,15.313923,14.168572,0.338551,0.07269,0.072394,0.221032,0.030085,0.027691,3.633349,0.207582,0.166109,0.0623499,0.0088764,0.0082249,0.001118,0.020206,0.019835,55129.490992,24.716605,22.978885,8652.5,395.3,373.5
kic7977996,1505.93268,46.31934,51.602834,592.892281,25.626976,24.757401,0.169519,0.012391,0.013206,0.13913,0.012279,0.017886,4.990471,0.130596,0.197442,0.0986732,0.0144721,0.0137708,0.598478,0.072302,0.071708,55167.912204,52.336583,55.881019,8459.9,295.7,299.2
kic8004558,259.358034,0.205575,0.207996,116.386417,0.867413,0.857071,0.018139,0.013567,0.010648,0.058911,0.182495,0.081171,4.773694,1.150805,0.508146,0.0251646,0.0005641,0.0005574,0.021198,0.001538,0.001552,54973.672001,47.331996,21.053367,9782.6,45.4,44.2
kic8018827,210.351864,0.241702,0.24219,193.047968,2.566127,2.508631,0.138448,0.028044,0.029121,0.471728,0.030364,0.037243,2.764387,0.189464,0.240059,0.1745765,0.0069734,0.0068176,-0.031112,0.004318,0.004377,55068.737604,6.391705,7.83787,19817.2,204.6,197.4
kic8022144,1478.045242,21.655853,16.055769,340.600217,5.18567,4.313541,0.511011,0.01016,0.009821,0.229593,0.002472,0.002488,1.388379,0.037842,0.025472,0.0194197,0.0009822,0.0009318,-0.398547,0.012089,0.015857,55297.741181,19.206544,19.211057,4318.8,69.8,67.7
kic8029546,506.979844,1.808643,1.78114,425.750181,8.262174,8.381381,0.024606,0.038174,0.017233,0.209599,0.186,0.07852,3.88467,1.170628,0.493074,0.3223783,0.0189046,0.0191776,0.082035,0.011914,0.014292,55069.793898,94.315332,39.848501,18304.5,243.4,218.3
kic8043436,1530.997254,706.924622,379.567256,473.544825,287.140191,125.359606,0.328557,0.18316,0.179524,0.45544,0.175666,0.139337,3.054888,0.524319,0.487112,0.0486426,0.0917136,0.059247,-0.556803,0.396564,0.662917,55660.808509,606.174161,583.629609,6369.5,3185.4,2349.9
kic8045121,926.745381,2.520744,2.503895,342.284366,2.296005,2.203439,0.355577,0.010483,0.009904,0.245711,0.005855,0.005393,5.726595,0.033429,0.027551,0.0501329,0.0010446,0.0010059,0.005523,0.005629,0.005641,55186.103344,5.979486,5.593848,7526.6,51.9,51.3
kic8086490,1542.677432,195.802923,113.221807,214.165276,45.348335,24.76572,0.150119,0.044126,0.045476,0.714122,0.0676,0.092393,0.930391,0.218779,0.206469,0.0044318,0.0028894,0.0019051,0.256347,0.11486,0.069244,56060.052363,186.411993,210.213253,2992.6,361.8,379.6
kic8098120,784.612611,4.525529,4.515095,259.756943,4.755911,4.864956,0.029296,0.027995,0.018477,0.934803,0.140454,0.162797,0.244574,0.874626,1.020589,0.0305685,0.0017155,0.0017534,0.00319,0.009103,0.007998,55702.966723,110.294649,127.812539,7215.2,94.0,86.3
kic8106371,1082.379669,9.163303,8.595084,312.334784,7.445134,7.205706,0.416524,0.03166,0.03229,0.390884,0.016513,0.013358,6.191681,0.127178,0.089717,0.0279244,0.0020456,0.0019897,0.009444,0.008101,0.008426,55381.476855,19.957359,16.96721,5719.9,143.1,140.4
kic8120184,552.200688,1.529317,1.414856,158.88988,1.745427,1.717864,0.128412,0.019182,0.019532,0.092233,0.025242,0.029923,2.291054,0.15762,0.192876,0.0141246,0.0004711,0.0004648,-0.035198,0.003105,0.003144,55020.439206,14.016169,16.588946,6221.8,52.7,51.2
kic8121586,1124.868925,10.182211,9.006698,190.794117,2.408731,2.487932,0.075581,0.028536,0.028603,0.341977,0.085647,0.080467,5.794903,0.558458,0.532087,0.0058935,0.0002423,0.000254,0.008637,0.004656,0.004754,55354.18736,96.818216,91.021907,3687.6,42.7,38.4
kic8122232,1361.77972,113.214574,40.669019,482.558097,56.405722,20.774706,0.619201,0.058092,0.057619,0.110541,0.007992,0.012165,5.000727,0.050959,0.053115,0.0650606,0.0231432,0.013698,0.134332,0.178346,0.061269,55108.924172,77.707704,78.704981,6066.9,549.3,623.8
kic8196840,1845.839973,63.346881,45.113411,479.935033,8.654335,6.246017,0.601521,0.01996,0.016516,0.422907,0.011116,0.014511,1.699483,0.018895,0.025487,0.0348371,0.00254,0.0027509,-0.08067,0.007541,0.006944,55739.010195,57.981995,60.484247,4528.8,147.8,125.4
kic8197355,850.929318,1.68892,1.669087,239.254324,7.113581,5.777332,0.893385,0.017988,0.018886,0.610587,0.002841,0.002918,4.276164,0.02778,0.040235,0.0203084,0.0018132,0.0014734,-0.018981,0.00291,0.002846,55474.596439,2.94335,2.997399,2754.4,170.5,177.3
kic8197653,420.857311,1.786669,1.782124,66.272998,2.031381,2.034503,0.461435,0.056974,0.058007,0.062942,0.018194,0.017683,1.42211,0.120082,0.120243,0.0017645,0.0001629,0.0001632,0.000906,0.003056,0.003053,54983.522241,7.862246,7.652956,3046.0,119.8,112.0
kic8235853,554.015219,1.863019,1.881214,220.627114,24.621458,18.022701,0.869887,0.026426,0.026686,0.815941,0.005032,0.004785,6.056186,0.028843,0.023347,0.0375678,0.01258,0.00921,0.01906,0.003284,0.003124,55407.074372,3.358076,3.24537,4282.8,451.0,498.0
kic8256621,1055.729573,4.107126,4.101076,150.840094,2.235241,2.281471,0.484325,0.023201,0.023471,0.182155,0.007348,0.008162,4.078529,0.046008,0.055531,0.0033062,0.0001492,0.0001522,-0.003698,0.003318,0.003175,55150.69811,8.776244,9.544318,2725.5,50.0,48.4
kic8264492,252.086987,0.170543,0.169941,209.55427,3.673803,3.243659,0.69062,0.017429,0.016179,0.255256,0.003719,0.003458,5.387916,0.0254,0.027978,0.1554789,0.00818,0.007223,0.018693,0.002497,0.002509,55022.738256,0.952843,0.888185,13108.1,296.4,293.1
kic8264588a,184.817108,0.391786,0.388259,182.508757,6.618997,6.394071,0.395773,0.061402,0.057049,0.837668,0.024252,0.021988,5.786588,0.146556,0.127478,0.1910951,0.0208067,0.020101,0.01182,0.008659,0.008473,55113.206917,4.499122,4.082432,19773.1,769.8,698.6
kic8264588b,1011.908085,12.999035,11.753879,180.292957,5.896137,5.583826,0.241415,0.064731,0.064566,0.991781,0.041583,0.031384,3.553766,0.253727,0.181414,0.0061452,0.0006196,0.0005924,0.016018,0.009249,0.009177,55961.982752,43.860568,34.084156,3769.8,121.1,111.7
kic8292150,587.243505,1.14451,1.144493,168.394404,1.764749,1.738779,0.246031,0.017715,0.018237,0.029359,0.009258,0.009383,3.249485,0.058578,0.054898,0.0148672,0.000471,0.0004642,-0.004575,0.002589,0.002489,54975.633232,5.555861,5.627713,6060.0,55.7,55.1
kic8299332,794.100297,4.21868,4.185486,119.994635,2.205451,2.346833,0.124999,0.037053,0.036607,0.810543,0.031955,0.029384,3.824235,0.191796,0.187102,0.0029418,0.0001651,0.0001754,0.001149,0.003797,0.003795,55602.044617,25.721046,23.709191,3268.8,51.5,45.7
kic8308688,898.66077,2.981841,2.893769,202.610247,2.132433,2.164532,0.127857,0.019291,0.018182,0.791967,0.025757,0.02575,4.80555,0.162513,0.159842,0.011058,0.0003563,0.0003619,0.007207,0.003324,0.003429,55681.217954,23.332495,23.326254,4875.4,41.6,39.2
kic8311110,156.306588,0.126687,0.128791,174.009452,2.766598,2.704914,0.234021,0.02975,0.03037,0.987294,0.016272,0.020086,5.768278,0.098538,0.121139,0.231551,0.011051,0.0108047,-0.009634,0.004132,0.004138,55112.712446,2.546627,3.142172,23598.8,324.4,314.2
kic8314525,2597.037295,59.802973,114.9106,573.681634,11.543839,19.1869,0.417205,0.020035,0.024011,0.54615,0.03238,0.015236,5.023454,0.110912,0.05256,0.0300566,0.0032197,0.0033183,-0.935761,0.028068,0.020315,56376.763739,121.254625,95.900319,4377.2,140.2,158.0
kic8329014,356.857424,0.526778,0.558032,161.165603,2.040845,1.945591,0.221532,0.022272,0.022714,0.559405,0.01379,0.015686,0.45451,0.081357,0.097543,0.0352948,0.0013454,0.0012825,0.019696,0.003017,0.003055,55158.019387,4.950866,5.623883,9602.3,100.6,100.6
kic8329629,1096.338428,4.332431,4.564165,199.0226,5.791269,5.67776,0.623592,0.024115,0.025673,0.296537,0.005116,0.005452,2.949598,0.027671,0.032217,0.0070421,0.0006175,0.0006053,-0.00647,0.00415,0.004242,55288.635738,7.158683,7.45082,3094.2,99.0,99.9
kic8330102,3684.574071,75.320857,55.247272,816.340579,14.535551,13.078852,0.721216,0.008232,0.006933,0.179865,0.003417,0.003797,3.745053,0.014558,0.015363,0.0430251,0.0026357,0.0027149,-0.808243,0.019017,0.0173,55632.233825,66.487006,66.766296,3346.3,77.7,69.1
kic8346686,785.944514,1.607011,1.590198,191.132198,1.22963,1.190224,0.008708,0.011265,0.005818,0.430764,0.109795,0.245509,3.881973,0.690493,1.544337,0.0121367,0.0002393,0.0002321,-0.008156,0.002228,0.00213,55296.949353,86.307584,192.963074,5302.1,22.2,22.2
kic8352420,1425.833394,11.58,12.492863,342.7057,2.797213,2.774594,0.145416,0.011739,0.011705,0.177839,0.007216,0.008641,3.27378,0.051542,0.066445,0.0212574,0.0006401,0.0006211,0.245232,0.008678,0.008599,55211.961345,15.834626,17.224213,5184.9,42.8,43.7
kic8396062,164.061827,0.473242,0.470849,78.258994,6.78949,5.645739,0.629002,0.134869,0.119581,0.283254,0.02462,0.027128,4.641525,0.184579,0.208888,0.0191192,0.0049774,0.0041394,-0.003433,0.005982,0.005968,55004.862699,4.066692,4.475632,8085.3,1099.0,918.7
kic8459354,53.559133,0.019954,0.022407,276.419765,56.742142,76.288191,0.980913,0.006185,0.018077,0.133396,0.007469,0.007246,6.085075,0.034424,0.077852,7.9053833,4.8683436,6.5453456,0.000743,0.003136,0.003084,54962.573134,0.400593,0.388667,21880.7,6848.0,7960.6
kic8460126,293.393679,1.384366,1.318534,87.777214,40.249326,21.433416,0.925801,0.040609,0.063973,0.63744,0.012496,0.01422,6.082195,0.061668,0.077402,0.0084358,0.0116047,0.0061801,0.002572,0.003675,0.003607,55143.052227,3.907402,4.385486,2465.8,801.0,1129.0
kic8491816,1504.771056,33.678999,23.806656,466.572746,14.543644,11.460233,0.900524,0.027232,0.021576,0.761946,0.013239,0.018265,1.714353,0.038422,0.064305,0.0481615,0.0047546,0.0041524,0.450754,0.025557,0.018706,56104.946527,34.971743,39.768779,2939.5,294.0,233.9
kic8500899,1079.176523,6.861284,6.228465,251.350186,2.587263,2.576187,0.0816,0.020024,0.019385,0.881916,0.047922,0.053893,5.233225,0.290757,0.332317,0.0146398,0.0004826,0.0004871,-0.000764,0.00594,0.006769,55921.251392,52.12879,58.527156,5061.3,44.2,41.6
kic8516686,171.70139,0.14659,0.148583,207.4385,2.989375,2.896666,0.370089,0.023741,0.02377,0.394351,0.009461,0.009193,2.370575,0.063838,0.052641,0.3250897,0.0140658,0.0136299,0.010986,0.00463,0.004652,55026.102305,1.631157,1.585336,24471.2,351.3,345.8
kic8552907,486.799101,1.702747,1.647499,94.093984,1.930222,1.871862,0.327024,0.033351,0.034166,0.489598,0.024408,0.021926,5.322271,0.155503,0.143363,0.0037746,0.0002337,0.0002268,0.013339,0.002933,0.002964,55196.728196,11.999293,10.804206,3982.7,78.7,76.8
kic8560996,1742.751724,119.476364,124.233184,76.903541,10.729361,11.421972,0.312755,0.075772,0.075004,0.965364,0.03952,0.037241,5.824362,0.075494,0.151604,0.0001608,7.11e-05,7.5e-05,-0.085835,0.023248,0.020689,56640.781905,139.971967,138.060971,913.9,121.5,97.2
kic8563964,1188.330159,12.143471,9.724572,232.865138,3.352268,2.839716,0.185364,0.014371,0.01531,0.062998,0.013122,0.011597,6.038404,0.0643,0.064452,0.0096011,0.0004434,0.0004023,-0.136151,0.01041,0.012752,55033.254473,19.044759,17.591776,4198.6,49.3,50.4
kic8565229,32.630436,0.022223,0.021919,27.535386,1.585753,1.513016,0.163049,0.107898,0.092252,0.57649,0.149504,0.129711,1.002625,0.971898,0.818993,0.0210528,0.0036374,0.0034706,-0.003882,0.002377,0.002298,54973.84167,4.878431,4.232584,18152.7,853.3,696.1
kic8583770,1631.249658,66.085902,46.761503,771.731621,35.978707,24.365305,0.314316,0.020791,0.018334,0.460922,0.012631,0.015126,5.999671,0.030501,0.02963,0.1854559,0.028033,0.0231161,1.004349,0.090376,0.062364,55710.270495,60.068061,61.582907,9792.3,356.6,366.4
kic8630254,868.870746,13.103067,12.789302,78.243778,10.627775,7.648135,0.6498,0.114019,0.119761,0.576625,0.029321,0.029356,2.350454,0.195036,0.191785,0.0006813,0.0002783,0.0002008,-0.018072,0.00653,0.006642,55459.404604,28.576885,28.603999,1492.4,213.6,221.2
kic8653100,936.187501,5.358641,5.111009,157.303514,2.183216,2.14506,0.198098,0.026378,0.026162,0.533001,0.025472,0.021561,2.313812,0.16585,0.127957,0.0047684,0.0002053,0.0002026,-0.010784,0.003965,0.004127,55457.380434,24.414385,20.852895,3590.9,45.5,43.8
kic8682555,497.064007,1.825584,1.827406,156.266573,4.087437,4.015664,0.426562,0.040199,0.04015,0.652039,0.014481,0.015377,2.397067,0.085677,0.10585,0.0165827,0.001307,0.0012842,0.003073,0.004907,0.004956,55282.497428,7.426106,7.858558,6199.7,176.4,168.8
kic8752359,2851.170464,424.446028,434.569129,400.721972,103.31239,74.397035,0.283093,0.04731,0.037328,0.486806,0.101499,0.062668,0.573052,0.193923,0.131129,0.008499,0.0070656,0.0053676,0.343538,0.130993,0.095612,56351.498309,517.903352,465.190589,2939.0,553.8,520.2
kic8771498,335.057605,0.97136,0.967041,61.060262,3.200264,2.563634,0.576112,0.053804,0.052034,0.052558,0.01076,0.011863,0.714847,0.084313,0.1021,0.0021773,0.0003426,0.0002745,0.000414,0.002196,0.002274,54976.001688,3.733224,4.091246,3247.8,173.3,178.2
kic8772391,386.682188,2.167555,2.092306,69.569624,14.065306,8.187438,0.843753,0.079597,0.103308,0.341936,0.018053,0.018057,2.179656,0.19138,0.164751,0.0024179,0.0014667,0.0008541,-0.007859,0.004593,0.004546,55089.754021,7.29848,7.299959,2105.5,465.0,570.5
kic8826718,512.110055,0.658826,0.661254,228.496424,6.894844,6.300451,0.802064,0.014299,0.014445,0.446317,0.0024,0.002377,0.503535,0.021132,0.016401,0.0488421,0.0044232,0.0040422,-0.007923,0.002346,0.002407,55186.955363,1.395081,1.384716,5810.2,204.1,209.3
kic8914322,1680.153347,55.64317,61.806554,260.049059,6.458831,7.990443,0.407859,0.025457,0.024122,0.520393,0.026965,0.017368,1.275121,0.070009,0.042708,0.0066888,0.0007004,0.0007592,0.261868,0.013835,0.019014,55832.731571,74.169959,65.575411,3081.2,110.3,104.4
kic8933391,212.796205,0.498358,0.49431,107.194062,2.618858,2.688801,0.221587,0.047204,0.047215,0.240859,0.038899,0.036179,2.108992,0.239631,0.209873,0.0292057,0.0021449,0.002202,-0.000752,0.005245,0.00516,55009.646581,8.292427,7.714736,10710.2,237.9,214.7
kic8940640,39.026647,0.066574,0.064647,9.976442,1.888096,1.332172,0.345618,0.326243,0.221943,0.788269,0.107128,0.160057,0.795005,0.808799,0.905195,0.0007,0.0003974,0.0002804,0.001632,0.001814,0.001806,54985.794516,4.181361,6.246833,5230.2,1011.2,692.0
kic8956850,1323.138109,8.606775,8.458737,319.468356,1.809776,1.841013,0.242286,0.013027,0.013049,0.919924,0.009631,0.01016,3.302044,0.042354,0.047368,0.0199966,0.0004253,0.0004327,-0.002093,0.005486,0.005035,56175.578532,15.336089,15.92245,5107.5,37.8,36.8
kic8964755,262.09463,0.477487,0.464378,67.086044,1.217218,1.232711,0.116533,0.035393,0.035679,0.502032,0.071343,0.047323,5.943096,0.454378,0.294174,0.0047191,0.0002574,0.0002607,0.000163,0.00203,0.002046,55089.971761,18.704547,12.412041,5542.8,77.1,70.7
kic8975515,1905.067967,251.451523,359.366921,237.478601,32.436158,46.28346,0.465451,0.040854,0.075897,0.273336,0.057122,0.033296,6.123319,0.038425,0.060188,0.0039622,0.0022069,0.0025418,0.305749,0.066855,0.109637,55479.115328,324.217314,311.926759,2405.6,466.5,407.1
kic9020199,31.287278,0.020376,0.020893,55.235717,3.51335,3.295153,0.349685,0.12884,0.123125,0.087561,0.052972,0.067909,1.439599,0.36317,0.437949,0.1848448,0.0352728,0.0330823,0.003227,0.005003,0.004904,54957.770245,1.657478,2.124788,36062.5,2552.0,2127.8
kic9054553,286.66472,1.60912,1.472238,80.807271,39.740097,18.75857,0.824273,0.100375,0.135292,0.589446,0.018565,0.017063,0.077817,0.114776,0.081283,0.0068942,0.0101718,0.0048019,0.008082,0.005561,0.005565,55127.364863,5.540455,5.128264,3479.9,1102.7,1475.9
kic9092897,1231.08489,12.652849,13.834306,747.163781,9.588443,10.583972,0.382647,0.007938,0.00742,0.357522,0.003855,0.003813,5.373009,0.014165,0.022829,0.2954977,0.0131731,0.0139495,0.52576,0.031146,0.032653,55398.531952,14.068236,14.050878,12225.7,161.4,154.0
kic9094694,1351.783145,23.718591,23.352366,672.723649,6.589537,6.271208,0.073737,0.021725,0.019114,0.212257,0.070885,0.065423,2.803161,0.51307,0.47222,0.178887,0.0081138,0.0080272,0.014334,0.015115,0.013954,55245.317415,98.669201,91.51583,10821.1,141.8,137.9
kic9108615,2644.270285,88.355436,60.965473,818.149027,26.206681,20.039892,0.947362,0.012131,0.013257,0.076008,0.001998,0.002723,1.761019,0.022789,0.010174,0.0840946,0.0089633,0.0083528,-1.074243,0.029211,0.035563,55159.377396,74.847152,75.006856,2159.9,198.8,202.4
kic9172627,799.453933,14.599141,15.179349,250.828699,39.533598,26.717046,0.607069,0.129611,0.127256,0.327761,0.033091,0.02805,2.766292,0.166854,0.201794,0.0265111,0.0125758,0.0085266,-0.123905,0.021348,0.021336,55220.421511,30.356916,26.917578,5436.1,805.8,830.7
kic9201644,47.372739,0.047471,0.047553,43.749487,2.757164,2.714811,0.269146,0.119291,0.114763,0.341249,0.07239,0.0716,3.969547,0.481311,0.45943,0.0400631,0.007575,0.0074586,0.00315,0.003855,0.003883,54971.19713,3.429642,3.392221,19392.8,1198.2,976.2
kic9207344,737.885533,1.143115,1.147863,177.92146,1.037477,0.999883,0.173116,0.010502,0.010422,0.636026,0.008239,0.008448,3.115288,0.047258,0.050871,0.0111068,0.0001973,0.0001904,-0.045107,0.001631,0.001654,55435.349274,6.186414,6.33803,5177.9,24.5,24.6
kic9210037,450.905765,3.083413,3.155571,58.446142,2.510679,2.450943,0.095033,0.075063,0.058922,0.584472,0.107074,0.101614,5.670798,0.669389,0.647155,0.0010543,0.0001367,0.0001334,-0.015527,0.004168,0.004036,55221.934134,48.380957,45.924409,2813.4,90.8,77.9
kic9265050,1048.749825,3.088435,3.091677,222.348867,1.079724,1.090061,0.215433,0.008988,0.008958,0.201208,0.008367,0.00633,2.894024,0.062982,0.042741,0.0107311,0.0001686,0.00017,-0.007644,0.003551,0.003378,55169.409485,9.303071,7.322518,4514.1,21.8,21.4
kic9331207,126.902297,0.145204,0.144754,123.422213,2.856595,3.053131,0.036166,0.033548,0.022478,0.967543,0.247057,0.172281,5.681696,1.548181,1.067361,0.1253498,0.0087083,0.0093069,0.004639,0.004859,0.004813,55077.313799,31.352436,21.863335,21191.6,336.4,288.8
kic9367382,155.297559,0.207759,0.211039,94.979047,4.569865,3.841586,0.556302,0.051093,0.048088,0.867279,0.013755,0.013913,0.504677,0.077772,0.074001,0.0381449,0.0055069,0.0046296,0.003982,0.003353,0.003357,55093.077852,2.146357,2.170778,11081.0,542.4,540.9
kic9450392,2377.283694,252.343056,178.208291,174.086842,36.475574,44.744467,0.096954,0.119553,0.058547,0.812072,0.028418,0.025262,0.383956,0.041049,0.065,0.0010023,0.0006477,0.0008016,-0.280848,0.070852,0.05098,56888.918094,225.62724,223.49544,1589.1,408.4,198.8
kic9466030,1153.984899,8.497029,8.054699,121.37005,1.611353,1.588828,0.193039,0.02743,0.028643,0.16047,0.018213,0.017013,5.533045,0.125532,0.106944,0.0014415,6.08e-05,6.05e-05,0.003016,0.003594,0.003707,55143.572027,22.588191,21.305741,2250.0,29.1,28.1
kic9473000,769.961582,0.888127,0.87425,350.865105,1.918965,1.84032,0.490091,0.007605,0.007753,0.736867,0.003078,0.0028,5.431737,0.018041,0.015137,0.0782285,0.0012958,0.0012441,0.005548,0.002237,0.002261,55525.751171,2.528461,2.329027,8660.6,53.2,54.3
kic9526946,940.678448,2.578646,2.648393,301.19965,1.601676,1.620807,0.18404,0.010049,0.010087,0.028256,0.008433,0.010003,3.875179,0.052382,0.058257,0.0331561,0.0005609,0.0005653,0.003223,0.003987,0.003972,54984.97188,8.352178,9.765817,6862.1,34.0,33.4
kic9550886,1614.362854,25.631338,25.494886,686.924214,8.256339,8.262933,0.829469,0.013349,0.012933,0.635811,0.010798,0.010444,4.918234,0.026204,0.023108,0.1335386,0.0064012,0.006419,-0.585794,0.014394,0.014673,55984.821191,30.940968,30.622638,5182.0,170.8,165.7
kic9578461,715.39546,2.873093,2.870574,115.01759,1.683719,1.696387,0.028848,0.029192,0.018649,0.754133,0.096984,0.200611,4.362809,0.601776,1.25784,0.0031921,0.0001425,0.0001436,-0.003716,0.002952,0.002983,55497.895684,69.441323,143.544929,3504.0,36.0,33.2
kic9594022,412.942544,0.402228,0.410701,181.662215,1.30103,1.315426,0.423812,0.01369,0.013598,0.067127,0.004964,0.005346,4.803233,0.035203,0.035588,0.0377483,0.0008145,0.0008233,0.016883,0.00206,0.002124,54997.227834,2.089757,2.244698,8687.8,74.3,72.3
kic9636283,918.196754,6.051354,5.647146,187.090949,2.844074,2.648886,0.193421,0.025958,0.027024,0.989805,0.023875,0.021822,4.962725,0.155407,0.14528,0.0083401,0.0003939,0.0003709,0.000767,0.005388,0.005323,55867.228248,22.688885,20.873205,4358.8,57.1,57.2
kic9649801,1161.341757,6.19351,5.943938,178.555293,1.804536,1.769608,0.260696,0.018186,0.018135,0.129983,0.012707,0.011236,2.063175,0.077384,0.070067,0.0045319,0.000145,0.0001432,-0.019978,0.004187,0.004044,55109.346756,15.956299,14.391023,3236.3,32.9,32.2
kic9651065,272.425128,0.296224,0.301695,184.556537,2.475931,2.563253,0.466711,0.021416,0.021006,0.623749,0.006471,0.006454,2.198662,0.042901,0.04211,0.0909446,0.0036658,0.0037945,-0.023354,0.00303,0.003051,55128.316931,1.788033,1.783467,13063.5,206.9,195.9
kic9655422,189.43192,0.813898,0.797828,73.830622,5.954621,5.204904,0.26931,0.129422,0.122121,0.905476,0.082129,0.083209,2.704539,0.522339,0.517617,0.0120416,0.0029153,0.0025488,-0.008644,0.007552,0.007549,55141.034287,15.578711,15.783027,8183.9,574.5,498.9
kic9655501,817.512339,6.272349,6.170793,139.772117,3.465261,3.213543,0.482399,0.036963,0.036675,0.936665,0.009054,0.009353,0.842077,0.065461,0.055621,0.0043869,0.0003329,0.00031,-0.042331,0.00429,0.00424,55724.127115,9.669227,9.857597,3265.4,95.0,93.9
kic9655514,324.180201,0.772207,0.735848,155.471873,24.031172,20.409325,0.944564,0.020585,0.034257,0.047229,0.00696,0.006763,2.482073,0.087649,0.096241,0.0383942,0.0178045,0.0151215,-0.007079,0.004552,0.004812,54972.343737,2.378954,2.318471,3433.2,646.1,857.4
kic9655909,2910.558319,241.773837,235.085026,556.755226,30.434683,27.455537,0.697219,0.025925,0.027226,0.24246,0.020703,0.016523,1.822777,0.045042,0.037479,0.0218737,0.0050352,0.004866,-0.215658,0.018731,0.027772,55664.08588,245.925872,243.231069,2989.8,236.9,243.8
kic9666465,2024.95739,167.131896,106.956002,176.411604,13.790141,8.991518,0.612915,0.02348,0.02744,0.205487,0.012553,0.012482,5.093687,0.068583,0.038367,0.0014376,0.0003698,0.0003235,0.251369,0.024609,0.019997,55374.494099,139.381434,139.355286,1500.9,109.8,110.5
kic9693282,1886.905168,447.994107,283.937773,286.995895,69.586915,40.164143,0.431124,0.086534,0.071489,0.505144,0.115334,0.114394,4.282546,0.321262,0.262888,0.0071287,0.0056117,0.0045184,-0.392581,0.095082,0.132424,55911.551454,425.783295,424.87947,2992.3,635.9,561.6
kic9699950,185.176691,0.335398,0.345804,66.332448,1.380768,1.444631,0.034373,0.030461,0.021734,0.039957,0.135192,0.266807,4.949059,0.860179,1.660125,0.0091388,0.0005717,0.000598,-0.00602,0.002875,0.002901,54965.791485,25.036724,49.407611,7805.6,109.8,97.3
kic9722737,444.089318,0.472203,0.483095,240.160489,1.654299,1.649764,0.171244,0.012209,0.012419,0.866293,0.010461,0.009766,3.844572,0.069705,0.061484,0.0754131,0.001567,0.0015624,-0.00568,0.002726,0.002747,55354.219558,4.670109,4.3632,11617.0,63.9,62.8
kic9774314,604.381602,0.958176,0.957564,146.698287,0.98442,0.978749,0.012207,0.010688,0.007567,0.107749,0.034761,0.057215,3.862863,0.215718,0.359604,0.0092797,0.0001891,0.0001881,0.000829,0.001637,0.001639,55023.513483,21.030734,34.592957,5291.8,23.0,22.4
kic9791112,1532.145878,114.958658,76.334745,265.699404,21.718945,12.305081,0.480272,0.060508,0.062514,0.072094,0.012991,0.014128,2.440446,0.057241,0.152957,0.0085793,0.0022709,0.0017545,0.001355,0.033054,0.06071,55068.850135,97.695778,98.065527,3316.5,253.9,267.0
kic9812351,167.792615,0.298535,0.300526,110.990574,34.183949,21.272589,0.882806,0.062091,0.103188,0.597158,0.014226,0.014663,5.655849,0.141374,0.180157,0.0521429,0.0481788,0.0299819,-0.000121,0.004655,0.004462,55058.591402,2.405737,2.478509,6774.8,1863.1,2578.3
kic9813078,1315.773801,46.656691,40.347292,205.480065,7.990121,7.663179,0.782023,0.02722,0.029745,0.501857,0.014852,0.016337,2.224253,0.05118,0.050074,0.0053806,0.0007091,0.0007127,-0.089756,0.01014,0.010731,55618.722952,47.689706,48.523113,2122.1,136.5,138.6
kic9823602,668.21196,4.312265,4.814207,137.392556,15.573999,11.952119,0.870913,0.061551,0.08172,0.123706,0.009511,0.009697,4.186597,0.138688,0.115383,0.0062365,0.0021227,0.0016296,0.013607,0.008438,0.008485,55040.195859,7.823923,7.925213,2203.1,428.5,484.9
kic9823652,1301.903016,11.066243,9.941042,316.251068,1.819071,1.879827,0.194835,0.011668,0.010714,0.751621,0.017929,0.015807,5.46726,0.09002,0.079266,0.0200365,0.0004617,0.0004936,-0.097243,0.004583,0.004921,55936.929917,25.596231,23.104744,5194.9,40.4,37.0
kic9837267,61.580743,0.423055,0.38761,3.869714,1.236264,1.128236,0.477196,0.324115,0.292347,0.054788,0.139163,0.127351,1.653816,0.78019,0.71227,1.64e-05,1.57e-05,1.44e-05,-0.000484,0.001484,0.001529,54960.805376,8.579341,7.852837,1204.1,458.9,279.5
kic9837659,1843.16296,113.59265,157.24065,101.987586,13.58462,18.012061,0.193843,0.042734,0.037656,0.766045,0.067223,0.054036,5.6824,0.247881,0.266125,0.0003353,0.0001457,0.0001824,-0.167824,0.037528,0.026364,56370.33767,183.547292,168.098965,1183.6,172.7,116.0
kic9844791,208.468341,0.654774,0.616126,72.195169,2.756095,2.792933,0.107797,0.070708,0.059026,0.675523,0.063521,0.109329,3.403729,0.38277,0.669668,0.0092967,0.0010661,0.0010805,-0.008056,0.004706,0.004567,55099.216899,13.257355,22.800492,7506.8,222.0,185.1
kic9850393,298.931622,0.613691,0.632747,148.353767,3.212068,3.074949,0.421453,0.033457,0.033014,0.323179,0.010779,0.012993,0.763342,0.067768,0.093031,0.0392315,0.0025537,0.0024448,0.019344,0.004079,0.004117,55055.000053,3.281901,3.933701,9812.7,223.7,217.8
kic9874181,568.986161,1.696776,1.624972,134.575701,1.740349,1.706707,0.020866,0.028792,0.014739,0.698917,0.261153,0.203219,0.412151,1.632344,1.280649,0.0080831,0.000317,0.0003113,0.000157,0.002956,0.00307,55356.066711,148.601725,115.640726,5155.8,44.6,41.9
kic9895857,224.06499,0.274276,0.276023,116.446297,1.647061,1.713384,0.053512,0.029636,0.028259,0.176793,0.076394,0.103289,5.681919,0.479686,0.655556,0.0337685,0.0014353,0.0014929,0.003575,0.002776,0.00284,55009.121352,17.119432,23.145084,11315.0,113.4,101.4
kic9897089,1583.936877,314.492807,104.143738,182.227659,28.342532,10.514939,0.473729,0.086388,0.05563,0.420218,0.03478,0.073873,0.592715,0.090253,0.07592,0.0025897,0.0012554,0.0011218,0.143026,0.056643,0.023724,55623.990687,216.446236,239.803083,2209.1,340.7,259.8
kic9936518,279.768201,1.450833,1.377521,106.708045,5.011117,4.900021,0.07384,0.067364,0.047192,0.068725,0.183588,0.177155,5.457689,1.152355,1.108974,0.0166678,0.0023539,0.0023026,-0.009903,0.008512,0.008559,55026.98845,51.381549,49.582507,8293.5,272.6,235.7
kic9953617,1126.533734,14.2906,13.431581,248.633842,4.13994,4.303047,0.082614,0.033719,0.03304,0.849532,0.053456,0.054678,5.192368,0.315009,0.310914,0.0130039,0.0007198,0.0007515,0.021587,0.011554,0.012104,55915.418456,61.794633,63.136934,4795.7,74.9,67.7
kic9963609,898.774153,4.948053,4.778344,245.087926,4.017309,3.915254,0.026886,0.025344,0.016866,0.136105,0.064147,0.116967,0.904817,0.404849,0.748556,0.019568,0.0009845,0.0009622,0.011718,0.006708,0.006569,55080.719406,57.858412,105.239343,5943.5,66.7,63.9
